{"type":"FeatureCollection","features":[{"type":"Feature","properties":{"name":"Туркестанская","region":"Туркестанская","id_reg":61},"geometry":{"type":"Polygon","coordinates":[[[66.001937,42.360736],[67.8267238,43.1829293],[67.8489306,43.1930096],[67.8750475,43.213288],[67.8631444,43.2202165],[67.8248552,43.2272188],[67.7865181,43.2250018],[67.8148913,43.2421391],[67.8209373,43.2557915],[67.7867624,43.2564156],[67.785008,43.2703966],[67.7659219,43.2766113],[67.7895084,43.281242],[67.8151406,43.290471],[67.7939818,43.3088533],[67.7985302,43.3246518],[67.7515062,43.3319365],[67.7184446,43.3451616],[67.7330348,43.3581502],[67.7471034,43.3591195],[67.6933536,43.3627487],[67.6797622,43.3333993],[67.6855212,43.3108034],[67.6603678,43.3251512],[67.6655881,43.3572215],[67.6501255,43.3767152],[67.8382103,43.6392192],[67.9353738,43.7061213],[67.9655964,43.9350196],[67.9161977,44.0986458],[67.5829861,44.2950503],[67.5106155,44.813437],[67.1725866,45.300115],[67.1681668,45.3511988],[67.2454553,45.4211167],[67.2577094,45.5511054],[67.2871814,45.6375966],[67.3004007,45.6440182],[67.3001432,45.6594075],[67.3615013,45.7525924],[67.3041178,45.8487998],[67.1752524,45.93417],[69.2665926,45.7693648],[69.6984324,44.7111472],[69.6930101,43.8770999],[69.6158612,43.6764816],[69.4598246,43.465875],[69.5424254,43.4119832],[69.5322841,43.3480559],[69.6266579,43.3032761],[69.7138445,43.2604625],[69.8050796,43.2360939],[69.8859404,43.2584099],[69.9796227,43.2150096],[70.0478329,43.1489121],[70.1499799,43.0925572],[70.1954233,42.9979201],[70.1987667,42.9536206],[70.2273291,42.8935616],[70.2103022,42.8361658],[70.2256029,42.7333485],[70.3460155,42.6962187],[70.5165411,42.6037432],[70.5842483,42.548423],[70.6363981,42.5094716],[70.6481051,42.4923649],[70.7218996,42.4588021],[70.8355999,42.3393361],[70.867828,42.315395],[70.883804,42.286102],[70.917991,42.26271],[70.942054,42.261058],[70.9255008,42.2429313],[70.9135866,42.2360437],[70.9053378,42.2256455],[70.8888426,42.2151305],[70.8705469,42.2118499],[70.8505356,42.1986255],[70.822686,42.1997239],[70.7984498,42.2074653],[70.7789531,42.202776],[70.7680106,42.1935696],[70.746201,42.1889461],[70.7440286,42.1783963],[70.753906,42.170352],[70.7365026,42.1644281],[70.7262078,42.1505631],[70.7146765,42.1386256],[70.7072412,42.1303181],[70.6933173,42.1252572],[70.681717,42.1049536],[70.671241,42.08152],[70.6557104,42.0613948],[70.643363,42.0335],[70.6370473,42.0183218],[70.6308245,42.0153605],[70.592933,42.010227],[70.5701053,42.021018],[70.5532042,42.039619],[70.5516285,42.0577653],[70.5369215,42.0811154],[70.5118852,42.0886039],[70.4973841,42.0992283],[70.4833046,42.1068626],[70.472887,42.0999064],[70.4543365,42.0856994],[70.4229267,42.0834381],[70.4038344,42.070935],[70.3755482,42.0694376],[70.3621645,42.0577631],[70.3509493,42.0507735],[70.3294752,42.0410632],[70.3269869,42.0246091],[70.3324464,41.9921677],[70.3357967,41.9764159],[70.317092,41.968093],[70.2983705,41.9630311],[70.279524,41.955013],[70.2608293,41.9535309],[70.2444991,41.9433296],[70.2259466,41.9293941],[70.2204837,41.9132742],[70.2006294,41.9047822],[70.1949732,41.8903648],[70.1811115,41.883104],[70.1833804,41.8673588],[70.1700978,41.856129],[70.1548545,41.8431715],[70.1391765,41.8432906],[70.1185239,41.8377211],[70.1027368,41.8373072],[70.0865875,41.8185967],[70.0651678,41.8045986],[70.0518043,41.7972191],[70.0476811,41.7794791],[70.026512,41.785461],[70.0192432,41.7970959],[69.9978305,41.7994447],[69.9807822,41.7807866],[69.9754577,41.7608551],[69.9577863,41.7491292],[69.957626,41.735935],[69.9311694,41.7261759],[69.9218358,41.7242217],[69.9224578,41.7173943],[69.9216721,41.7160193],[69.91616,41.713287],[69.9117618,41.713159],[69.9096792,41.7129567],[69.9064839,41.7119033],[69.9033657,41.7100308],[69.9004927,41.7090571],[69.8963661,41.7090772],[69.88961,41.707927],[69.869682,41.709468],[69.8632663,41.7128348],[69.8478869,41.7204401],[69.8341383,41.7185964],[69.8236218,41.7136191],[69.8150131,41.7105689],[69.7923161,41.7028225],[69.7774278,41.6987377],[69.7623817,41.6981468],[69.7456168,41.7008277],[69.7206192,41.6858247],[69.697508,41.6740018],[69.671913,41.669849],[69.6493967,41.6703651],[69.6140566,41.6582169],[69.575683,41.627975],[69.55706,41.596969],[69.5377026,41.578318],[69.5448433,41.568282],[69.5177276,41.5573797],[69.5009912,41.5476543],[69.4985908,41.547864],[69.4949482,41.5488356],[69.4812313,41.5510178],[69.4741088,41.5602813],[69.4417291,41.5599302],[69.4162547,41.5323001],[69.4041219,41.520183],[69.3992247,41.5045648],[69.4280798,41.4959567],[69.4377534,41.4892586],[69.4414767,41.4879241],[69.4543669,41.4856693],[69.4569145,41.4705863],[69.4599204,41.4667341],[69.4565673,41.4645574],[69.4529813,41.4629723],[69.4497963,41.4630563],[69.4485998,41.4642834],[69.4455643,41.4641924],[69.4427156,41.4634785],[69.4403432,41.4628416],[69.437672,41.4623656],[69.4354584,41.4611337],[69.4338453,41.4612429],[69.431174,41.4617679],[69.4286149,41.4621319],[69.4264013,41.4621249],[69.4228428,41.4636787],[69.4184249,41.4638817],[69.4151559,41.4641336],[69.4166326,41.46583],[69.4135318,41.4663199],[69.4121961,41.4679366],[69.4121121,41.4700572],[69.4084228,41.4701761],[69.404521,41.469267],[69.3982282,41.4675671],[69.3937611,41.4676066],[69.3866756,41.4663637],[69.3821463,41.4658344],[69.3774182,41.4656869],[69.3716624,41.4663712],[69.3605964,41.469471],[69.3586218,41.4716363],[69.354372,41.4703656],[69.3533569,41.466351],[69.3496069,41.4645198],[69.3457156,41.4622524],[69.3444202,41.4587891],[69.342581,41.4604854],[69.339592,41.4583471],[69.3381506,41.4590192],[69.3363883,41.4576815],[69.3358141,41.4568661],[69.3338022,41.4548718],[69.3324124,41.4540501],[69.3308175,41.4522987],[69.3285347,41.4508636],[69.3261223,41.4500738],[69.3227556,41.4499994],[69.3224574,41.4490418],[69.321733,41.4479302],[69.3203564,41.4467786],[69.3187007,41.4457772],[69.3179924,41.4444472],[69.3163869,41.4425568],[69.3143,41.4404619],[69.3125668,41.4407116],[69.3111458,41.439841],[69.3090009,41.4390509],[69.3058283,41.4385973],[69.3056417,41.4402156],[69.3032955,41.4383591],[69.3014385,41.4395075],[69.301001,41.43742],[69.3005638,41.4367184],[69.2992544,41.4375571],[69.2971159,41.4367645],[69.2962165,41.4357518],[69.2958812,41.4371452],[69.2946893,41.4377665],[69.2925803,41.4372259],[69.2921869,41.4386204],[69.2927807,41.4397917],[69.2907633,41.4392566],[69.2909774,41.440499],[69.290437,41.4413195],[69.2895516,41.4420874],[69.2871154,41.4415866],[69.286276,41.4424355],[69.2855229,41.4440952],[69.2842677,41.4447708],[69.2821755,41.4453498],[69.2813324,41.4469577],[69.2795085,41.4488797],[69.2768477,41.4504076],[69.27276,41.4515093],[69.2709347,41.4523592],[69.2684992,41.4520778],[69.2669543,41.4522225],[69.2649478,41.45202],[69.2630168,41.45252],[69.2613342,41.4537073],[69.2605514,41.4543574],[69.2586693,41.455349],[69.2558933,41.4578937],[69.2545152,41.4596139],[69.2533068,41.4611452],[69.2516936,41.464454],[69.2471578,41.4651935],[69.2429006,41.4621254],[69.2355535,41.458845],[69.231674,41.4592696],[69.2283216,41.4623293],[69.2244349,41.4619074],[69.2214005,41.4595713],[69.2181168,41.4595286],[69.214216,41.4577957],[69.2093389,41.4569565],[69.2053414,41.4538162],[69.2029956,41.4555758],[69.1985293,41.4520026],[69.1939072,41.4543209],[69.1910002,41.4526561],[69.1869008,41.4524647],[69.1845274,41.4505036],[69.184819,41.448069],[69.1822988,41.4456729],[69.1798644,41.4423227],[69.1785834,41.4377588],[69.1756086,41.4365503],[69.1749588,41.4401018],[69.173507,41.4409589],[69.1665898,41.4350371],[69.160859,41.4332193],[69.1582658,41.433368],[69.1571179,41.4345499],[69.1545018,41.4327875],[69.153334,41.4315128],[69.1529163,41.4292041],[69.1511503,41.4299527],[69.1487163,41.430998],[69.1504269,41.4291386],[69.1512292,41.4269553],[69.1594206,41.4249702],[69.1618519,41.4185161],[69.1646669,41.411701],[69.1660778,41.4082359],[69.1696784,41.4037977],[69.174707,41.4031689],[69.1739008,41.4010657],[69.171542,41.4007785],[69.168587,41.3993356],[69.1678137,41.3974257],[69.1678007,41.3960766],[69.166347,41.3946657],[69.1644596,41.394943],[69.1621582,41.3944935],[69.1603414,41.3931617],[69.1598427,41.3918579],[69.1578954,41.3898369],[69.1544057,41.3864515],[69.1516875,41.3889738],[69.1480269,41.3930633],[69.1452589,41.392838],[69.1428985,41.3926448],[69.1406455,41.3929506],[69.1389825,41.3924838],[69.136311,41.3920653],[69.1351631,41.3914616],[69.1324379,41.391687],[69.1273918,41.3891131],[69.1255519,41.3901011],[69.1236465,41.3911381],[69.121956,41.3921261],[69.1205269,41.392035],[69.118276,41.3921751],[69.1163987,41.3921541],[69.1144186,41.3917267],[69.1128495,41.3908999],[69.112071,41.3893192],[69.1109353,41.3879504],[69.1099415,41.3864882],[69.1084658,41.3851778],[69.1071115,41.383601],[69.105533,41.3829073],[69.105561,41.3817159],[69.1050114,41.3805392],[69.1037927,41.3795718],[69.1029988,41.378079],[69.1031228,41.3768686],[69.1018126,41.3761096],[69.1012838,41.3754173],[69.1012895,41.3742944],[69.1013854,41.3728278],[69.1006179,41.3718128],[69.0999992,41.3715972],[69.0993922,41.3716504],[69.099178,41.3707724],[69.0997398,41.3699499],[69.0988992,41.369284],[69.0981893,41.3680434],[69.0979278,41.3664312],[69.0969658,41.3645035],[69.0974888,41.3614822],[69.0967883,41.3596174],[69.085703,41.3571691],[69.0792488,41.3576158],[69.0803731,41.3594831],[69.0821944,41.3597214],[69.0826334,41.3611585],[69.0838009,41.3623783],[69.084875,41.3626657],[69.0848781,41.3642493],[69.083849,41.365685],[69.08656,41.36698],[69.0852586,41.3709954],[69.0669457,41.372271],[69.0595717,41.3696957],[69.0553175,41.3683802],[69.050411,41.3660826],[69.0431371,41.3654111],[69.0320705,41.3613125],[69.0222694,41.355165],[69.0223067,41.3535315],[69.0246791,41.3517436],[69.0353734,41.3501591],[69.0394269,41.3502152],[69.0453672,41.3502712],[69.0449966,41.3406107],[69.0398561,41.3230672],[69.0449647,41.3099814],[69.040246,41.3054501],[69.0313846,41.3031457],[69.0235255,41.2983848],[69.0208916,41.2983989],[69.0148073,41.2926713],[69.0160953,41.2796825],[69.0179926,41.2731215],[69.0205704,41.2724335],[69.023307,41.2713946],[69.027015,41.2701872],[69.0286215,41.2686357],[69.0323461,41.267471],[69.035419,41.2668251],[69.0384451,41.2660177],[69.0405413,41.2640969],[69.0408962,41.2615835],[69.0402891,41.2598282],[69.0395045,41.2575533],[69.0255697,41.250122],[69.0240566,41.2478538],[69.0226884,41.244672],[69.0262656,41.2429515],[69.0271903,41.2414134],[69.029204,41.2393745],[69.0271135,41.2325619],[69.0257608,41.2242398],[69.0233044,41.2245699],[69.0212963,41.2249844],[69.0195684,41.2257923],[69.0174295,41.2265088],[69.0146929,41.2270005],[69.01247,41.2276608],[69.0106113,41.228279],[69.0097614,41.2298665],[69.0084071,41.2311801],[69.0066512,41.2328729],[69.0049916,41.2334764],[69.0043816,41.2347202],[69.0028498,41.236441],[69.0004072,41.2384608],[68.9967877,41.2277218],[68.9931708,41.2178191],[68.9879766,41.2133966],[68.9811024,41.2095908],[68.9697915,41.2035196],[68.9565226,41.1977622],[68.9411385,41.1917279],[68.9355456,41.1882269],[68.9157992,41.1823439],[68.9142103,41.1801695],[68.9144256,41.1788705],[68.9140218,41.1762777],[68.9068447,41.1700616],[68.8596574,41.1439046],[68.8369462,41.134037],[68.8088768,41.1182004],[68.8030803,41.1150723],[68.8018941,41.1139464],[68.7918774,41.1062327],[68.7868432,41.1026082],[68.7850499,41.0998774],[68.7834154,41.0991525],[68.7801867,41.096518],[68.7554439,41.0776686],[68.7160659,41.0398395],[68.7218543,41.028653],[68.7535797,41.0112595],[68.7555396,41.0106585],[68.7575585,41.0111185],[68.7571195,41.0085672],[68.7607808,41.0066712],[68.7584552,41.004895],[68.7560921,41.0046272],[68.754439,41.0038448],[68.7528045,41.0025338],[68.7559313,41.000042],[68.7561181,40.9989424],[68.757902,40.9970391],[68.7542605,40.9963529],[68.7539418,40.9938316],[68.7510838,40.9926543],[68.7505327,40.9909623],[68.7482538,40.9898273],[68.7475533,40.9879801],[68.7483271,40.9864101],[68.7483645,40.9842385],[68.7487017,40.9829771],[68.7493555,40.9815175],[68.7440971,40.9800227],[68.7413325,40.9812284],[68.742145,40.9787182],[68.7413418,40.9798676],[68.7385398,40.9764406],[68.7362515,40.97539],[68.735367,40.9744752],[68.7321306,40.9720178],[68.7271514,40.9696211],[68.7119089,40.9647508],[68.7010668,40.9660064],[68.6942949,40.966613],[68.6843219,40.9618608],[68.6730352,40.9604362],[68.6597055,40.9512663],[68.6452034,40.9425654],[68.6318476,40.9555944],[68.6295016,40.9705295],[68.6563244,40.9760372],[68.6742097,40.9857006],[68.6548275,40.9960079],[68.6263339,40.998242],[68.6088661,41.0159815],[68.6095919,41.0283587],[68.6026901,41.0313488],[68.5786496,41.0208411],[68.5510872,41.0087896],[68.5221477,41.017327],[68.5134276,41.0098933],[68.5066005,41.0030611],[68.5039781,40.991005],[68.5001587,40.9833112],[68.4976106,40.9768923],[68.4985533,40.9732696],[68.5094846,40.9726516],[68.5110089,40.9639317],[68.5149705,40.9606122],[68.5169599,40.9566058],[68.5157463,40.9530549],[68.5201719,40.9508513],[68.5175944,40.9469161],[68.5231064,40.9426928],[68.5405534,40.9457609],[68.5506829,40.9452638],[68.5552622,40.9425659],[68.5679977,40.9345606],[68.5813637,40.9248901],[68.5817611,40.918184],[68.5778738,40.9091747],[68.5766869,40.9025748],[68.5814353,40.8917166],[68.5902392,40.8666256],[68.5882136,40.8619709],[68.5857726,40.8591309],[68.5833699,40.8563275],[68.5736532,40.8510755],[68.5642482,40.8487894],[68.5624663,40.839654],[68.5624203,40.8266299],[68.5623223,40.8058833],[68.5853835,40.7812114],[68.5853953,40.7622304],[68.5839746,40.7088338],[68.6188785,40.6979289],[68.643974,40.6920927],[68.6465374,40.6822315],[68.6536221,40.6801352],[68.642741,40.6458649],[68.6224217,40.631059],[68.6584546,40.608628],[68.6413988,40.59955],[68.5974255,40.5732684],[68.5314074,40.5833732],[68.51932,40.5808897],[68.501067,40.579002],[68.4830567,40.5712369],[68.4623558,40.59061],[68.4331558,40.5985705],[68.4078795,40.6156704],[68.3717881,40.617189],[68.2978267,40.6565404],[68.2243046,40.685043],[68.1985806,40.6998487],[68.1653895,40.7209296],[68.1280789,40.7491333],[68.1116368,40.7619376],[68.0859983,40.7818302],[68.0733359,40.7906284],[68.0434302,40.7963959],[68.001638,40.8149594],[67.9758912,40.8333398],[67.9805188,40.8437239],[67.9715346,40.8516696],[67.9756466,40.8613999],[67.9796928,40.8612709],[67.9839651,40.8609291],[67.9922508,40.8586874],[67.9968214,40.8600954],[68.002743,40.8601703],[68.0120968,40.8896959],[68.0341558,40.9034962],[68.0545018,40.9125991],[68.0814245,40.9233219],[68.0910646,40.9419187],[68.0664397,40.9504668],[68.0838114,40.9644471],[68.0787678,40.9946932],[68.0685117,41.0079466],[68.0724981,41.0203082],[68.0885786,41.0307818],[68.1135736,41.0352273],[68.1189363,41.0468722],[68.1125019,41.061141],[68.1009642,41.0680041],[68.0701832,41.0792967],[68.0559697,41.052234],[68.0415783,41.0443033],[68.0273012,41.038186],[68.0242514,41.0259372],[68.0241961,41.0182803],[68.0103264,41.022305],[67.982741,41.0266224],[67.985275,41.0489389],[67.9841779,41.0607777],[67.9857211,41.0699403],[67.9877194,41.0855983],[67.9841057,41.1005133],[67.9788551,41.1146714],[67.9757085,41.1240638],[67.9719918,41.133263],[67.9682367,41.141282],[67.5695979,41.167376],[65.99871,41.937179],[66.001937,42.360736]],[[69.3521884,42.3051131],[69.4256368,42.1668443],[69.4858449,42.1216924],[69.537519,42.1335402],[69.5389604,42.1256015],[69.539764,42.1220872],[69.5388954,42.1207956],[69.5377574,42.1167665],[69.5360237,42.1132789],[69.5370503,42.1093468],[69.5489466,42.1326654],[69.557846,42.1310543],[69.564635,42.1317519],[69.611705,42.128835],[69.6200285,42.1384184],[69.6310818,42.1593101],[69.6493362,42.1558362],[69.6529046,42.1590415],[69.6505692,42.1598693],[69.6481753,42.1651338],[69.6553597,42.1908098],[69.7316309,42.2287094],[69.7605377,42.2282689],[69.7550312,42.1960677],[69.7720452,42.204729],[69.7874613,42.2088401],[69.7892364,42.1953998],[69.8018181,42.2067857],[69.8197899,42.1928107],[69.824219,42.1958046],[69.8204193,42.1963816],[69.8173238,42.196011],[69.8158852,42.2013349],[69.811846,42.2036857],[69.8176114,42.2107869],[69.8323522,42.2150671],[69.8253375,42.2287227],[69.8260344,42.2668577],[69.8299294,42.2652805],[69.8329565,42.2602174],[69.8368576,42.2634156],[69.8380255,42.2653875],[69.8450732,42.2652735],[69.8500705,42.2665355],[69.8646558,42.2678624],[69.873222,42.2777048],[69.8790035,42.2814531],[69.8840683,42.2864864],[69.8987086,42.2819596],[69.9035142,42.2803247],[69.9091903,42.278273],[69.9150317,42.2794029],[69.919263,42.2768482],[69.934281,42.2859817],[69.9294774,42.289815],[69.927214,42.2913721],[69.9251634,42.2936652],[69.9219996,42.2966902],[69.914192,42.2983204],[69.9083862,42.3002056],[69.9003901,42.3040215],[69.8943143,42.3097376],[69.8879136,42.3114653],[69.8878222,42.315053],[69.8815363,42.3194277],[69.8827933,42.3220895],[69.8728745,42.3303424],[69.8643594,42.3341309],[69.8560483,42.3364893],[69.8420211,42.3352043],[69.8269961,42.3407568],[69.819105,42.3456191],[69.8144025,42.3469892],[69.8152906,42.3528099],[69.8057121,42.3609881],[69.8016882,42.3611373],[69.798832,42.3658172],[69.7926078,42.3655482],[69.7859677,42.3722965],[69.7781578,42.3779119],[69.7780968,42.3894486],[69.7675565,42.3942167],[69.754994,42.4011285],[69.7391734,42.4097537],[69.7208722,42.4143029],[69.7180629,42.4362527],[69.6991901,42.4418002],[69.5513998,42.4690015],[69.5307135,42.4784142],[69.5240544,42.4788107],[69.5168817,42.4781719],[69.5062145,42.4785856],[69.4987341,42.4794572],[69.4925438,42.4771904],[69.4874624,42.4769816],[69.4765238,42.4789815],[69.4505779,42.4641673],[69.456866,42.4617685],[69.4575379,42.4549804],[69.4631929,42.4502099],[69.4636671,42.4441126],[69.4316268,42.431839],[69.4372822,42.419238],[69.4325427,42.4181837],[69.4296667,42.415616],[69.4274378,42.4174924],[69.4218151,42.4173113],[69.4179792,42.4205644],[69.413755,42.4185855],[69.4077694,42.4202427],[69.3998563,42.4178118],[69.3911754,42.4137197],[69.3890774,42.4101811],[69.3881748,42.3992779],[69.3901182,42.3983708],[69.3789059,42.3833115],[69.3702227,42.384876],[69.3692293,42.381144],[69.3530121,42.3776638],[69.3222367,42.3736216],[69.3160434,42.3695761],[69.3092486,42.3649912],[69.3042835,42.3641937],[69.3018526,42.3573823],[69.3088593,42.3551055],[69.3133005,42.352321],[69.3191139,42.3490268],[69.3050457,42.3224475],[69.3148635,42.3122115],[69.3367492,42.3169271],[69.3501997,42.3096578],[69.3521884,42.3051131]]]}},{"type":"Feature","properties":{"name":"Улытау","region":"Улытау","id_reg":62},"geometry":{"type":"Polygon","coordinates":[[[62.9500893,47.1907705],[64.1632377,47.8150788],[64.5786277,48.5107702],[65.6374707,48.8679623],[65.6716605,48.8764748],[65.707876,48.8773038],[65.7368439,48.8755866],[65.7753963,48.982181],[67.0117315,49.6342799],[67.4381391,49.8827651],[67.4469475,49.8693256],[67.450937,49.8608476],[67.5484024,49.7639653],[67.5454441,49.7374204],[67.5680605,49.7185706],[67.5809927,49.7138511],[67.5909728,49.7100621],[67.6728,49.6782925],[67.9806577,49.1786496],[69.8753207,48.7965525],[70.7405107,49.3763121],[71.6289042,49.1787703],[71.942825,49.0649696],[72.0126522,48.9520765],[72.064891,48.8193879],[72.0915122,48.7932798],[72.0020632,48.7126038],[71.9538679,48.3491082],[71.8504294,48.3099024],[71.8634829,48.2978808],[71.8668739,48.2876316],[71.8777643,48.2751996],[71.9011814,48.2579579],[71.9022262,48.2402467],[71.9044025,48.2169158],[71.9186242,48.2051908],[71.9269431,48.2003694],[71.9327496,48.1926105],[71.9433785,48.1857154],[71.9504465,48.1798395],[71.9617196,48.1729665],[71.967365,48.1650185],[71.9704338,48.1565917],[71.9681166,48.1426894],[71.9741647,48.1326945],[71.9750951,48.1208403],[71.9718866,48.1080337],[71.969938,48.099128],[71.9671544,48.0908378],[71.9630148,48.0724197],[71.9457556,48.0483839],[71.942573,48.0365821],[71.9556061,48.0303636],[71.9724263,48.0216874],[71.9774122,48.0135241],[71.984525,48.0062578],[71.9898484,47.9997028],[71.9897705,47.9912804],[71.9924124,47.9809485],[72.0020349,47.9718218],[72.0178192,47.9688484],[72.0247144,47.9578669],[72.0346594,47.9466005],[72.0405044,47.9378006],[72.04262,47.9295096],[72.1225863,47.7993618],[72.0851067,47.7993301],[72.0706675,47.7955322],[72.056381,47.7944539],[72.0395563,47.7909943],[72.0186919,47.7818183],[72.0047725,47.7792903],[71.9867816,47.7770549],[71.9680766,47.7784258],[71.9456304,47.7714084],[71.9281304,47.7581363],[71.908327,47.7499996],[71.8961298,47.7417217],[71.8875241,47.730942],[71.8777777,47.7165045],[71.8481331,47.7038924],[71.8186028,47.6987892],[71.7962247,47.7010948],[71.5766877,47.5434254],[71.3119417,46.2220407],[67.1710976,46.017045],[67.1789126,46.0419826],[67.1593984,46.0780675],[67.1530235,46.1371695],[66.0026535,46.1759626],[64.0299669,46.7951566],[63.7662392,46.8400849],[63.3706171,47.0641564],[62.9500893,47.1907705]]]}},{"type":"Feature","properties":{"name":"Карагандинская","region":"Карагандинская","id_reg":35},"geometry":{"type":"Polygon","coordinates":[[[67.3991195,49.9154538],[68.0169124,50.3661322],[67.933065,50.5699187],[67.942575,50.5987287],[67.920595,50.6247086],[67.901325,50.6477986],[68.0816737,50.6303555],[68.3727979,50.7390711],[68.7733508,50.5480601],[68.7888919,50.2213405],[69.184538,50.2599667],[69.4855265,50.3615124],[69.618746,50.1950505],[69.6460402,50.1948307],[69.6728194,50.1942813],[69.6999555,50.1919374],[69.7095999,50.1977184],[69.739245,50.1955911],[70.0027525,50.2420618],[70.0441229,50.2496364],[70.0762236,50.2453552],[70.0978529,50.2161454],[70.1050627,50.2018634],[70.1375067,50.214278],[70.1697791,50.201314],[70.1493513,50.1794431],[70.1491797,50.1548126],[70.1323569,50.1282986],[70.1169073,50.1011092],[70.1306403,50.0765485],[70.1194823,50.0488888],[70.1569044,50.0429361],[70.1811087,50.0426053],[70.2252257,50.0473456],[70.2794161,50.0626329],[70.3490731,50.0790254],[70.5002411,50.1231057],[70.7299998,50.2311597],[70.8537108,50.4770094],[71.3314348,50.6515523],[71.4503473,50.7546587],[71.5553713,50.7733244],[71.8366139,50.6827012],[71.7798255,50.5055995],[71.9084542,50.4660253],[72.1050656,50.4117837],[72.4458289,50.5649266],[72.4733743,50.6167491],[72.4032611,50.6565801],[72.4481075,50.7143906],[72.511546,50.7212043],[72.6624356,50.7496269],[72.7919682,50.8870404],[73.1815457,50.9951161],[73.223761,51.0007518],[73.2723261,51.0085528],[73.2984461,51.0128259],[73.3138902,51.0128113],[73.3402195,51.0172158],[73.3513607,51.0187814],[73.3604783,51.0210053],[73.3749454,51.0231267],[73.3913897,51.0248823],[73.4171608,51.0357069],[73.4262551,51.0432534],[73.4392802,51.0512812],[73.4555823,51.0563139],[73.4696875,51.0630061],[73.4840987,51.0773526],[73.4988169,51.0891793],[73.5108432,51.098525],[73.5314118,51.103581],[73.5542529,51.1143574],[73.5726285,51.1180375],[73.3613585,51.1629515],[73.2481998,51.2315632],[73.2659452,51.2746624],[73.2976249,51.2759319],[73.3201686,51.2756234],[73.4172862,51.2668521],[74.0307699,51.2017344],[74.0149456,51.1966222],[74.0040496,51.1627435],[74.0458983,51.1179498],[74.0172308,51.0053165],[74.0176385,50.9954993],[74.0010176,50.9492946],[74.0431029,50.9413991],[74.0587945,50.9581273],[74.0874857,50.9518251],[74.084486,50.9306572],[74.0634547,50.9146864],[74.070598,50.8804823],[74.0529363,50.8653469],[74.0657249,50.8425831],[74.04481,50.8420457],[73.9212059,50.7796501],[74.0381088,50.6118212],[74.4715311,50.6495787],[74.6275725,50.5889585],[74.7252724,50.5286015],[74.9664867,50.3730597],[75.1304663,50.2315267],[74.8994662,50.1642559],[74.8216831,50.1161839],[74.9125783,50.0379944],[75.3920485,50.180736],[75.7200115,50.2340127],[75.9121371,50.220302],[76.2668494,50.2629025],[76.5260383,50.3305083],[76.8176077,50.6059028],[77.2531269,50.567198],[77.7022768,50.2039699],[77.2317852,49.9431917],[77.2017659,49.9450214],[77.1864022,49.9410168],[77.171811,49.9313076],[77.1048416,49.6155911],[76.5827536,49.4580131],[76.5789878,49.4541843],[76.5806079,49.4510946],[76.5758765,49.4503413],[76.5760589,49.4466445],[76.5755975,49.4438333],[76.572411,49.4425149],[76.5697825,49.4406802],[76.5678084,49.4389291],[76.5671754,49.4351198],[76.5647185,49.4313241],[76.563431,49.4287981],[76.564579,49.4267187],[76.5625405,49.4259231],[76.560266,49.4232504],[76.5641928,49.4215336],[76.5636241,49.419705],[76.5648472,49.4178764],[76.5636134,49.4160478],[76.5603518,49.4136327],[76.5612423,49.4120133],[76.5621006,49.4097307],[76.5652871,49.4083136],[76.5665209,49.4068336],[76.5649331,49.4050255],[76.5683663,49.4041528],[76.5708125,49.4044111],[76.5712094,49.4027495],[76.5741706,49.4023865],[76.5765953,49.4008714],[76.5789342,49.3985045],[76.5823245,49.3957115],[76.5824103,49.3926181],[76.5829146,49.3911376],[76.5831506,49.3886445],[76.5842235,49.3861862],[76.5829253,49.3829804],[76.5822708,49.3798513],[76.5859938,49.3787058],[76.5846205,49.3766451],[76.587646,49.3742072],[76.5895665,49.3708888],[76.5915728,49.3680733],[76.5911651,49.3656769],[76.5925169,49.36451],[76.5962613,49.3625396],[76.5972912,49.3608906],[76.597023,49.3573128],[76.5990186,49.3540912],[76.6021407,49.3503941],[76.6035032,49.3469413],[76.6060352,49.343775],[76.6105735,49.3406363],[76.6126442,49.3387978],[76.6142535,49.3350366],[76.8279074,49.2063832],[76.8514681,49.1383368],[76.85503,49.1354729],[76.8589032,49.1351921],[76.863935,49.1343077],[76.8691385,49.1329037],[76.8736017,49.1322508],[76.8768203,49.1320964],[76.8819702,49.1302571],[76.8869698,49.1293164],[76.890403,49.1296253],[76.8957138,49.1303554],[76.8990075,49.1300465],[76.901797,49.1295831],[76.9057882,49.129864],[76.9090283,49.1287828],[76.9132018,49.1287407],[76.9186091,49.1267819],[76.9249606,49.1248792],[76.9319451,49.1232152],[76.935904,49.1228431],[76.9390583,49.1196342],[76.9414723,49.1174714],[76.9435,49.1153718],[76.9456351,49.1139532],[76.9457316,49.1107719],[76.9502056,49.1089669],[76.956675,49.1076606],[76.9629192,49.1070003],[76.9689166,49.1040503],[76.9752145,49.1032004],[76.9812119,49.1006155],[76.9866943,49.0985432],[76.833048,48.8484292],[77.3316492,48.7418577],[77.3146332,48.7314986],[77.3127557,48.7272524],[77.3156525,48.7212789],[77.3153413,48.7171451],[77.3137213,48.7126642],[77.3100306,48.7027239],[77.3150731,48.6930083],[77.3176695,48.6799898],[77.3113609,48.6710492],[77.3034001,48.6572313],[77.3021341,48.6509518],[77.3046661,48.6378232],[77.3130346,48.6332288],[76.9011001,48.437259],[76.8853739,48.4087828],[76.9355157,48.326575],[77.064449,48.1725115],[77.1233413,47.8693509],[76.988556,47.6974697],[76.8332865,47.2666954],[77.4657805,47.1590817],[77.1060146,46.5697047],[76.8706081,46.6221121],[76.537671,46.5934255],[76.0490946,46.7381439],[73.7282395,46.0016477],[71.2850197,46.5040117],[71.7127194,47.5188498],[71.8004519,47.7020453],[71.8259754,47.7008925],[71.8573688,47.7056181],[71.8803985,47.7190397],[71.8908796,47.7346899],[71.8971923,47.7433126],[71.9114281,47.7519442],[71.9326334,47.7585934],[71.9531739,47.7704255],[71.9723765,47.7775114],[71.9891402,47.7781766],[72.0108552,47.7805156],[72.022191,47.7830653],[72.0428092,47.7919054],[72.0585922,47.7955168],[72.0761931,47.7952568],[72.0892932,47.8004589],[72.0899268,47.8418373],[72.0426011,47.9319045],[72.0406119,47.9388347],[72.0336346,47.9500709],[72.0242146,47.9608155],[72.0139095,47.9695473],[71.9993398,47.9748459],[71.9926971,47.9832098],[71.9890968,47.9943924],[71.9889269,48.0005709],[71.9808568,48.0075627],[71.9758261,48.0150805],[71.9691338,48.0233988],[71.9523137,48.032685],[71.9415685,48.0398064],[71.9474734,48.0495202],[71.9640776,48.0751589],[71.9685336,48.092638],[71.9715196,48.1019587],[71.9721396,48.1117763],[71.9778239,48.1228889],[71.9719637,48.1345157],[71.9684655,48.1446893],[71.9708364,48.1584479],[71.9676066,48.1669041],[71.958785,48.1739689],[71.9493461,48.1807522],[71.9429311,48.1868427],[71.9335996,48.1947337],[71.9243664,48.201562],[71.9143828,48.2064761],[71.9018719,48.2222944],[71.9023274,48.2439039],[71.8931848,48.2634501],[71.8772412,48.2763659],[71.8648648,48.2893702],[71.8629103,48.2996247],[71.8487653,48.3143889],[71.9954148,48.4828252],[72.0372508,48.7163392],[72.0686348,48.8054807],[72.0642484,48.8233525],[71.9853693,48.9689612],[71.9423765,49.1697029],[71.640108,49.2375271],[70.6820681,49.3861105],[69.8178853,48.7727108],[67.9108157,49.208203],[67.6208932,49.6968516],[67.589694,49.710507],[67.5788283,49.7146588],[67.561326,49.7216524],[67.5458976,49.7405034],[67.5461761,49.7659931],[67.4491863,49.8616784],[67.4464225,49.8708953],[67.4357765,49.8842592],[67.3991195,49.9154538]]]}},{"type":"Feature","properties":{"name":"Акмолинская","region":"Акмолинская","id_reg":11},"geometry":{"type":"Polygon","coordinates":[[[65.5773276,51.6281613],[65.8275127,52.0163242],[65.9986461,52.204637],[66.4906429,52.3753295],[66.5420403,52.2817983],[67.0247051,52.2443469],[67.428704,52.4273322],[67.8807069,52.3369998],[67.9990625,52.4833291],[68.161339,52.5938372],[68.4058107,52.7121348],[68.5629941,52.7822551],[68.646882,52.8570321],[68.7432182,53.0336377],[68.726047,53.19659],[68.6786701,53.2705826],[68.6427611,53.2753766],[68.622876,53.2730044],[68.5972994,53.2693526],[68.5811563,53.2718867],[68.5007344,53.3933476],[68.6206382,53.5123108],[68.7480785,53.5785503],[69.0278802,53.6148444],[69.2710467,53.5692362],[69.4101405,53.5722055],[69.545588,53.6792627],[69.6347659,53.6781996],[69.6373757,53.6781588],[69.6393557,53.6796535],[69.6430698,53.6800214],[69.6439756,53.6822084],[69.6453042,53.6843697],[69.6474146,53.681118],[69.6477338,53.6792293],[69.6505097,53.6790607],[69.6546673,53.6798467],[69.6570053,53.6815228],[69.6610558,53.6814614],[69.6612307,53.6791576],[69.8029556,53.6682897],[69.943403,53.5211651],[70.072075,53.4633213],[70.2098326,53.3584675],[70.4469792,53.2796804],[71.0633951,53.4217201],[71.2701876,53.3161289],[71.5728319,53.4232338],[71.7165041,53.08355],[71.7618595,52.9412709],[72.2041699,52.89235],[72.5806956,52.996294],[72.8973656,52.9321886],[73.424732,52.6538951],[74.0003534,52.3187013],[73.8262367,51.8147072],[73.8198209,51.8111918],[73.8131368,51.8063825],[73.8093173,51.7976747],[73.8153094,51.7964339],[73.82128,51.7949642],[73.8216877,51.7910109],[73.8158995,51.7886981],[73.8166344,51.7823466],[73.8128954,51.7756158],[73.8140112,51.7700591],[73.8101381,51.7603714],[73.7992054,51.751678],[73.8006109,51.738359],[73.7986797,51.7317014],[73.795343,51.719872],[73.7885302,51.7146076],[73.7868029,51.7056594],[73.7909657,51.7003584],[73.7906223,51.6939479],[73.7866956,51.6881151],[73.7932616,51.6830998],[73.796137,51.6768132],[73.7996238,51.6738792],[73.803969,51.6683766],[73.8031965,51.6600781],[73.7977785,51.654607],[73.7880582,51.6525169],[73.7863523,51.6446217],[73.7777861,51.6299333],[74.1698095,51.5780608],[73.8111817,51.4388735],[73.7186148,51.3464895],[73.5010834,51.3061812],[73.3525769,51.28229],[73.3074535,51.2743799],[73.2811354,51.2748859],[73.1744713,51.2842537],[73.3337643,51.1210975],[73.5769693,51.1202528],[73.5622866,51.1155817],[73.5412352,51.106377],[73.5219842,51.0966666],[73.5028549,51.0955252],[73.4894962,51.0829306],[73.4778376,51.0707734],[73.4563827,51.059987],[73.4408885,51.0554982],[73.4299766,51.0491465],[73.4230686,51.0390708],[73.4017865,51.0278374],[73.3796205,51.0230097],[73.3640602,51.0210638],[73.3531749,51.018796],[73.3444527,51.0180205],[73.3246127,51.0126211],[73.3066333,51.0158257],[73.2860955,51.0101187],[73.2328238,51.0019184],[73.1962222,50.9981902],[72.9829796,50.8633781],[72.7169127,50.8185863],[72.5136378,50.713364],[72.4753682,50.7369416],[72.4006966,50.6679948],[72.4621823,50.6228936],[72.476011,50.6122205],[72.2027942,50.4552015],[72.0170211,50.4624839],[71.7209579,50.4452381],[71.7691521,50.6172717],[71.6761133,50.7501456],[71.4795174,50.764458],[71.4073613,50.7500566],[71.0639043,50.507482],[70.7703215,50.4166994],[70.4752932,50.2347361],[70.3781427,50.0858109],[70.3065765,50.0653847],[70.2474163,50.0561088],[70.2003348,50.0505422],[70.1665175,50.0427156],[70.1364767,50.0406209],[70.1129591,50.0697177],[70.128752,50.0907578],[70.1215422,50.1181732],[70.1332152,50.1440327],[70.1454031,50.1730668],[70.1701224,50.1926328],[70.1553595,50.2118613],[70.1224005,50.2037313],[70.0834334,50.2075767],[70.0906432,50.2360232],[70.0645506,50.2572097],[70.0154555,50.2472214],[69.9660963,50.2343932],[69.7145754,50.1998591],[69.703813,50.1961461],[69.6790521,50.1923502],[69.6566832,50.1952703],[69.6280157,50.1974681],[69.6012612,50.1975769],[69.2936369,50.3033654],[69.0505395,50.1905903],[68.7297835,50.3019416],[68.4778619,50.762904],[68.2105778,50.641838],[67.8907575,50.6563837],[67.915025,50.6329086],[67.934305,50.6106586],[67.933535,50.5800687],[67.9200955,50.5378206],[67.592067,50.4899319],[67.1107977,50.6221534],[66.4331356,50.7106526],[66.0918475,50.8148498],[66.0030239,50.9387144],[65.8194963,50.8823401],[65.7933821,50.8585672],[65.7338539,50.8519138],[65.6758155,50.8475437],[65.6318982,50.8330407],[65.6142102,51.0061124],[65.4031777,51.3019391],[65.5773276,51.6281613]],[[71.6718742,51.3094308],[71.6938307,51.3337089],[71.6950979,51.3511101],[71.6703576,51.3103754],[71.6718742,51.3094308]],[[71.3732513,50.886331],[71.3667047,50.8669003],[71.4362356,50.8576076],[71.4425066,50.8770764],[71.3732513,50.886331]],[[71.2415323,51.2075705],[71.2417647,51.2008259],[71.2476093,51.1955618],[71.2528181,51.192416],[71.255078,51.1896294],[71.2601116,51.1916046],[71.2621891,51.1897673],[71.2670381,51.1895624],[71.2711205,51.1890941],[71.2721507,51.1875844],[71.2710759,51.184081],[71.2717839,51.1827928],[71.2763023,51.1811184],[71.279095,51.1804809],[71.2780181,51.1781979],[71.2385809,51.1523178],[71.2341342,51.1285237],[71.2201595,51.1078501],[71.2454496,51.0683149],[71.2545266,51.058404],[71.2549934,51.0489503],[71.2659556,51.040608],[71.2749302,51.030773],[71.2877362,51.0219429],[71.3037559,51.0227885],[71.3212064,51.0234566],[71.3474281,51.0176317],[71.3816795,51.0131674],[71.4047317,51.0089198],[71.4225282,51.0061824],[71.4401731,51.0032895],[71.4529645,50.9920943],[71.4666948,50.9476888],[71.5478557,50.9380471],[71.5377854,50.9875417],[71.5369244,50.9894395],[71.537194,51.0073216],[71.5383553,51.0086785],[71.5530968,51.0224949],[71.5707843,51.0630281],[71.6743929,51.0863096],[71.6869175,51.0932135],[71.6915571,51.0938635],[71.6944031,51.0912377],[71.7003864,51.0907848],[71.7098384,51.0959783],[71.7111681,51.0986792],[71.7223194,51.1007137],[71.7289545,51.1014571],[71.7344627,51.0971761],[71.7402302,51.1013102],[71.7146694,51.1313452],[71.6730374,51.1410125],[71.6251783,51.1805646],[71.5829456,51.2032895],[71.6091456,51.2600937],[71.584252,51.2694831],[71.5274468,51.2491403],[71.4982307,51.2836902],[71.3970539,51.27418],[71.3590537,51.288506],[71.3510714,51.2681917],[71.3313612,51.2635731],[71.3151057,51.2487046],[71.2603176,51.246318],[71.2494913,51.2310079],[71.241462,51.2141573],[71.2406841,51.2114717],[71.2393766,51.2104038],[71.2376376,51.2088621],[71.2415323,51.2075705]],[[71.3078783,51.2777028],[71.2980936,51.272763],[71.3092516,51.2638485],[71.3362248,51.2717005],[71.3201952,51.2953906],[71.3061189,51.2909625],[71.3078783,51.2777028]],[[71.7851913,51.1573031],[71.7851103,51.165569],[71.740388,51.16606],[71.7468576,51.1621451],[71.7608792,51.1457224],[71.7661365,51.1446854],[71.782424,51.1504554],[71.7851913,51.1573031]]]}},{"type":"Feature","properties":{"name":"СКО","region":"СКО","id_reg":59},"geometry":{"type":"Polygon","coordinates":[[[65.9771562,53.9688966],[66.0850885,54.2584707],[66.103661,54.5008092],[66.6540769,54.7438944],[67.0435148,54.7771528],[67.3323512,54.8732578],[67.5628334,54.8443768],[67.9106194,54.9836689],[68.1967092,54.9901817],[68.2873464,55.079743],[68.2396299,55.1871496],[68.4923261,55.2002918],[68.6351162,55.2653786],[68.7486541,55.3788423],[69.001168,55.2884639],[68.9811078,55.4421701],[69.1994745,55.3301148],[69.3176955,55.3513539],[69.3330431,55.3634663],[69.3402743,55.3641126],[69.3560547,55.3843746],[69.3791878,55.3833466],[69.4116533,55.3845534],[69.4205135,55.3523766],[69.470104,55.3414161],[69.5005417,55.3393233],[69.5266664,55.3370961],[69.5328891,55.3366751],[69.7450733,55.3455831],[70.1132762,55.1722017],[70.4751867,55.281251],[70.9220753,55.1345304],[70.9781975,54.9825422],[70.9989524,54.8540761],[71.0700738,54.7335786],[71.2932122,54.6677509],[71.1933911,54.6000637],[71.2292871,54.3539209],[71.0732174,54.2747849],[71.274662,54.1471794],[71.7204594,54.1064617],[71.7347844,54.2076647],[71.934464,54.2293168],[72.0848876,54.2192922],[72.0514405,54.3382022],[72.3346066,54.2394063],[72.5119483,54.1051786],[72.4085212,54.1049942],[72.3966985,54.0516197],[72.3695954,53.9447243],[72.5441945,53.9792285],[72.7187877,53.9929773],[72.5668218,54.039013],[72.831662,54.0979738],[73.2476175,53.9570628],[73.5208282,53.9661836],[73.686193,54.0669849],[73.575654,53.8687373],[73.3418512,53.7181838],[73.3470654,53.5430329],[73.5897802,53.2818775],[73.4219162,53.2685186],[73.4153196,53.2503862],[73.4102275,53.2139076],[73.4060789,53.1839905],[73.4121229,53.1495941],[73.4239497,53.1407268],[73.4157539,53.1508959],[73.4204974,53.1487178],[73.4300968,53.1366465],[73.5155153,53.1373339],[73.5764475,53.0081293],[73.5093127,52.9519164],[73.5127553,52.9483143],[73.5062332,52.9422732],[73.6118117,52.9843202],[73.6631836,52.8121611],[73.790417,52.8337035],[74.0349607,52.8332403],[73.7497978,52.698499],[73.7023161,52.7068791],[73.5272981,52.6087725],[72.9122435,52.714383],[72.6691721,53.0121799],[72.4493,52.9778377],[71.7986387,52.8962938],[71.6228717,53.0307348],[71.6270562,53.328292],[71.3934609,53.3487062],[71.1298845,53.3294472],[70.5342501,53.3336574],[70.2963176,53.2921984],[70.0647922,53.4299065],[70.0152384,53.5095662],[69.8399851,53.5186336],[69.660355,53.6782199],[69.6621774,53.6807307],[69.6579543,53.6817629],[69.6555645,53.6800307],[69.6516231,53.6797154],[69.6479689,53.6787937],[69.6471256,53.6803132],[69.646695,53.6836194],[69.6438203,53.683008],[69.643829,53.6806192],[69.6401019,53.6798246],[69.6376863,53.6787566],[69.635262,53.6778445],[69.6340885,53.6798433],[69.4186861,53.6028554],[69.3046213,53.5076266],[69.1357299,53.6772315],[68.7328377,53.6327064],[68.6524851,53.5294707],[68.5037933,53.4744406],[68.5733327,53.298915],[68.5951249,53.2693406],[68.6108645,53.271262],[68.640315,53.2753991],[68.6639631,53.2739407],[68.6971136,53.2149361],[68.7400724,53.0948725],[68.6659776,52.8700628],[68.6317266,52.8009592],[68.4559381,52.7359375],[68.3381217,52.60566],[67.9893207,52.5346546],[67.9790103,52.3515877],[67.5716006,52.3951799],[67.1381868,52.2473015],[66.7809759,52.2812105],[66.564148,52.3044729],[66.0599159,52.4479572],[66.3213576,52.9699362],[66.4004242,53.1548634],[66.1592358,53.671112],[65.9771562,53.9688966]]]}},{"type":"Feature","properties":{"name":"Жамбылская","region":"Жамбылская","id_reg":31},"geometry":{"type":"Polygon","coordinates":[[[69.0671103,45.9998871],[74.0605324,46.0009525],[74.1181591,44.9679953],[74.5200573,44.5831297],[75.0364971,44.3084838],[75.3094775,44.006794],[75.2681262,43.8245876],[75.1842573,43.590705],[75.4192154,43.4760868],[75.2811185,43.2631137],[75.4011159,43.1253825],[75.4996961,43.1046421],[75.6323349,43.0561151],[75.6565601,42.9752682],[75.7573584,42.9628731],[75.7749719,42.9639863],[75.8235176,42.9402527],[75.8011943,42.9177508],[75.7443581,42.819256],[75.6805544,42.8041526],[75.6511242,42.8115757],[75.5934347,42.8241685],[75.5567825,42.8311462],[75.5271305,42.8341287],[75.5117992,42.8367406],[75.4873078,42.8425986],[75.4745983,42.8385987],[75.4488778,42.8375058],[75.4321291,42.841879],[75.4132978,42.8421049],[75.3738134,42.8508495],[75.3479845,42.8494381],[75.3033181,42.8574891],[75.2883522,42.8595307],[75.2735738,42.859004],[75.2587964,42.8595237],[75.2438811,42.8558328],[75.2235339,42.8551733],[75.2092737,42.8606932],[75.1989372,42.8643897],[75.1970297,42.8718864],[75.1833599,42.876027],[75.1715255,42.8769941],[75.1607797,42.8789882],[75.15003,42.8816987],[75.1362219,42.8856294],[75.1207661,42.8933503],[75.1015652,42.9044257],[75.0838334,42.913749],[75.0730509,42.912979],[75.0515181,42.9228553],[75.0369054,42.9206397],[75.0294918,42.9243323],[75.0231644,42.9285234],[75.0120038,42.9322744],[74.997477,42.9397835],[74.9848599,42.9435692],[74.9714719,42.9460471],[74.9676611,42.9501628],[74.9561169,42.9549617],[74.9387819,42.9614144],[74.9282622,42.9628565],[74.9254444,42.9663492],[74.9057557,42.9717483],[74.8969616,42.9774884],[74.8934754,42.9817547],[74.8847429,42.9842164],[74.8785309,42.9842164],[74.8733489,42.9911463],[74.8658325,42.995911],[74.8577348,42.9966254],[74.8527855,42.9997664],[74.8474782,43.0010828],[74.8296855,43.0009064],[74.8136318,43.001776],[74.8073933,42.9967652],[74.7981946,42.9985224],[74.7859847,43.0014263],[74.7776027,42.9978106],[74.771218,42.9936585],[74.7547312,42.9922711],[74.749008,42.9902722],[74.7412349,42.9957301],[74.7381182,43.0007913],[74.7312839,43.0023292],[74.722022,43.0107618],[74.7093922,43.0201138],[74.6975553,43.0356006],[74.6713086,43.0418465],[74.6592505,43.0544196],[74.6435721,43.0607071],[74.6377872,43.069721],[74.6333889,43.0804085],[74.6160725,43.0845616],[74.6029941,43.1018292],[74.5994321,43.1056675],[74.5916322,43.1140014],[74.5849267,43.1189197],[74.5843474,43.1263825],[74.565411,43.1302506],[74.5526651,43.1378373],[74.5374194,43.1392543],[74.5328275,43.1412507],[74.511917,43.1447656],[74.5025078,43.1499319],[74.4961992,43.157344],[74.4619535,43.1587311],[74.4244455,43.1739905],[74.4142101,43.1764316],[74.4061206,43.1784971],[74.4012497,43.1841299],[74.3963574,43.191577],[74.3777536,43.1977248],[74.3641494,43.1990075],[74.348657,43.2049825],[74.3308471,43.2130995],[74.3191097,43.2156955],[74.2965083,43.2359579],[74.2715691,43.2464597],[74.2496822,43.2546649],[74.2210159,43.2583048],[74.2042207,43.2669039],[74.2057677,43.2326367],[74.1873866,43.1970502],[74.1234636,43.1924472],[74.063613,43.1820415],[74.042598,43.1720428],[73.998997,43.203905],[73.9666472,43.2199977],[73.9563018,43.1928713],[73.9506449,43.1717766],[73.9478609,43.164997],[73.9164627,43.1251696],[73.8380303,43.1178964],[73.8159924,43.123504],[73.7928682,43.1126097],[73.6926496,43.0738143],[73.6069934,43.0465326],[73.5367453,43.0043713],[73.5426089,42.9734711],[73.4950889,42.9162456],[73.5082559,42.8636236],[73.5090713,42.8560108],[73.5103536,42.8446835],[73.5099728,42.8423145],[73.5101034,42.8408827],[73.5104624,42.8391877],[73.5107561,42.8378874],[73.5115502,42.8355022],[73.5115611,42.8341301],[73.5120452,42.8313339],[73.5113109,42.8297662],[73.5124096,42.827297],[73.5106473,42.8238502],[73.5097328,42.8197747],[73.5099337,42.8090957],[73.5076455,42.7970144],[73.507036,42.792593],[73.5045408,42.7883063],[73.5040923,42.7809896],[73.502034,42.7763138],[73.5016201,42.7705995],[73.4994123,42.7642768],[73.49226,42.7562058],[73.4885918,42.7522627],[73.4837738,42.7478888],[73.4790363,42.7453724],[73.476702,42.7418847],[73.4740917,42.73876],[73.4702166,42.7351283],[73.466583,42.7294102],[73.4653411,42.7242322],[73.4642717,42.7210136],[73.4605461,42.7159194],[73.4578783,42.7135453],[73.4573149,42.7092109],[73.4554635,42.7054423],[73.4532328,42.7007017],[73.4499326,42.6968481],[73.4485872,42.6925548],[73.4456518,42.6865395],[73.4460381,42.6826119],[73.4480336,42.6782581],[73.4450939,42.6743142],[73.4431198,42.6691237],[73.4423903,42.6637749],[73.4380558,42.6590569],[73.4343007,42.6550487],[73.4316829,42.6471261],[73.4280136,42.645532],[73.4240869,42.6421069],[73.424516,42.6373715],[73.4240377,42.63215],[73.4226219,42.6278571],[73.4235875,42.6243679],[73.4233514,42.62091],[73.4209696,42.6162835],[73.4220425,42.6105828],[73.4238879,42.6071242],[73.4256474,42.6018175],[73.4269563,42.5976476],[73.4264413,42.5924348],[73.426377,42.5876798],[73.4246174,42.5834458],[73.4228365,42.5801595],[73.4195105,42.5777894],[73.4184162,42.5731123],[73.4182445,42.5683874],[73.4220425,42.5646578],[73.4235016,42.5607383],[73.4258191,42.5571979],[73.4269992,42.5550957],[73.4282438,42.5514127],[73.4257332,42.5474924],[73.4254543,42.5438248],[73.428394,42.5420541],[73.4306471,42.53807],[73.4307543,42.5344967],[73.4336726,42.5305121],[73.4341447,42.5259895],[73.4335653,42.5215457],[73.4339301,42.5171648],[73.4372989,42.5132107],[73.4400241,42.5084971],[73.4442083,42.5047956],[73.4486715,42.5019481],[73.4525339,42.4967906],[73.4565894,42.4939428],[73.4602157,42.4900347],[73.4634773,42.4857466],[73.4647433,42.4822336],[73.4659878,42.478388],[73.4677259,42.4745739],[73.4720174,42.4701898],[73.4762231,42.4640166],[73.4855358,42.4627503],[73.4939257,42.4599483],[73.5025732,42.4548508],[73.5069505,42.4485019],[73.5193675,42.4209602],[73.5035318,42.4197405],[73.4794709,42.4107507],[73.4508035,42.4214279],[73.42926,42.4220931],[73.4078452,42.4255145],[73.3829114,42.4213328],[73.3615181,42.4268766],[73.339245,42.4329901],[73.3158347,42.4419375],[73.3135602,42.4709878],[73.3158991,42.5029672],[73.285562,42.5109871],[73.2403722,42.5206825],[73.2122881,42.5193364],[73.1639011,42.5269748],[73.1313498,42.5371894],[73.0881555,42.5409681],[73.0419374,42.5359234],[72.9796243,42.5302943],[72.9484248,42.5335358],[72.9151868,42.5356353],[72.7890932,42.5938446],[72.5495378,42.677163],[72.3297038,42.742385],[72.1744536,42.7546536],[71.9846791,42.7840658],[71.8145599,42.8298445],[71.6649483,42.7821924],[71.5250925,42.7994166],[71.5008913,42.7935493],[71.470614,42.7854986],[71.4311868,42.7934079],[71.39581,42.7974193],[71.377286,42.7886023],[71.373555,42.7756962],[71.3450109,42.7665013],[71.3371199,42.760578],[71.3320291,42.7593767],[71.3251035,42.7598672],[71.3197929,42.7614011],[71.3158876,42.7624133],[71.314061,42.7644278],[71.3069987,42.7641502],[71.3042025,42.7572183],[71.2955296,42.7581282],[71.2890789,42.7605337],[71.2900284,42.7670191],[71.2839639,42.7701952],[71.2787604,42.7700731],[71.272527,42.7707819],[71.2665406,42.772767],[71.2671894,42.7642368],[71.2713253,42.7569466],[71.2739164,42.7459603],[71.2639602,42.7376778],[71.2647737,42.7286802],[71.2525069,42.7152564],[71.2370199,42.703569],[71.2233674,42.6929992],[71.2158935,42.6861363],[71.2017059,42.6775453],[71.1777527,42.6698593],[71.181777,42.663597],[71.182785,42.648231],[71.182411,42.636634],[71.180343,42.615913],[71.165168,42.595867],[71.1587296,42.5895188],[71.145545,42.603504],[71.042366,42.597961],[71.0005276,42.5654895],[71.07727,42.472953],[70.971183,42.478256],[70.959915,42.458068],[70.9514,42.430294],[70.955726,42.400127],[70.920791,42.371528],[70.887458,42.354106],[70.8655832,42.3201236],[70.8076354,42.3683159],[70.6669005,42.452186],[70.645145,42.4980566],[70.6309754,42.5143203],[70.5568439,42.5558784],[70.4910307,42.6170791],[70.3252025,42.6948372],[70.2065763,42.747031],[70.2012199,42.8507479],[70.2212799,42.9040046],[70.2063978,42.9694122],[70.1982335,43.006532],[70.1025152,43.0891449],[70.0034573,43.1747042],[69.9618451,43.2120431],[69.8483792,43.2678994],[69.7816943,43.2436983],[69.6729386,43.2608411],[69.5908718,43.3000067],[69.5269248,43.3696234],[69.4867267,43.4230052],[69.4877992,43.4887723],[69.644635,43.7248878],[69.7144809,43.958754],[69.6526666,44.8879803],[69.0671103,45.9998871]]]}},{"type":"Feature","properties":{"name":"г.Шымкент","region":"г.Шымкент","id_reg":79},"geometry":{"type":"Polygon","coordinates":[[[69.3501997,42.3096578],[69.3367492,42.3169271],[69.3148635,42.3122115],[69.3050457,42.3224475],[69.3191139,42.3490268],[69.3133005,42.352321],[69.3088593,42.3551055],[69.3018526,42.3573823],[69.3042835,42.3641937],[69.3092486,42.3649912],[69.3160434,42.3695761],[69.3222367,42.3736216],[69.3530121,42.3776638],[69.3692293,42.381144],[69.3702227,42.384876],[69.3789059,42.3833115],[69.3901182,42.3983708],[69.3881748,42.3992779],[69.3890774,42.4101811],[69.3911754,42.4137197],[69.3998563,42.4178118],[69.4077694,42.4202427],[69.413755,42.4185855],[69.4179792,42.4205644],[69.4218151,42.4173113],[69.4274378,42.4174924],[69.4296667,42.415616],[69.4325427,42.4181837],[69.4372822,42.419238],[69.4316268,42.431839],[69.4636671,42.4441126],[69.4631929,42.4502099],[69.4575379,42.4549804],[69.456866,42.4617685],[69.4505779,42.4641673],[69.4765238,42.4789815],[69.4874624,42.4769816],[69.4925438,42.4771904],[69.4987341,42.4794572],[69.5062145,42.4785856],[69.5168817,42.4781719],[69.5240544,42.4788107],[69.5307135,42.4784142],[69.5513998,42.4690015],[69.6991901,42.4418002],[69.7180629,42.4362527],[69.7208722,42.4143029],[69.7391734,42.4097537],[69.754994,42.4011285],[69.7675565,42.3942167],[69.7780968,42.3894486],[69.7781578,42.3779119],[69.7859677,42.3722965],[69.7926078,42.3655482],[69.798832,42.3658172],[69.8016882,42.3611373],[69.8057121,42.3609881],[69.8152906,42.3528099],[69.8144025,42.3469892],[69.819105,42.3456191],[69.8269961,42.3407568],[69.8420211,42.3352043],[69.8560483,42.3364893],[69.8643594,42.3341309],[69.8728745,42.3303424],[69.8827933,42.3220895],[69.8815363,42.3194277],[69.8878222,42.315053],[69.8879136,42.3114653],[69.8943143,42.3097376],[69.9003901,42.3040215],[69.9083862,42.3002056],[69.914192,42.2983204],[69.9219996,42.2966902],[69.9251634,42.2936652],[69.927214,42.2913721],[69.9294774,42.289815],[69.934281,42.2859817],[69.919263,42.2768482],[69.9150317,42.2794029],[69.9091903,42.278273],[69.9035142,42.2803247],[69.8987086,42.2819596],[69.8840683,42.2864864],[69.8790035,42.2814531],[69.873222,42.2777048],[69.8646558,42.2678624],[69.8500705,42.2665355],[69.8450732,42.2652735],[69.8380255,42.2653875],[69.8368576,42.2634156],[69.8329565,42.2602174],[69.8299294,42.2652805],[69.8260344,42.2668577],[69.8253375,42.2287227],[69.8323522,42.2150671],[69.8176114,42.2107869],[69.811846,42.2036857],[69.8158852,42.2013349],[69.8173238,42.196011],[69.8204193,42.1963816],[69.824219,42.1958046],[69.8197899,42.1928107],[69.8018181,42.2067857],[69.7892364,42.1953998],[69.7874613,42.2088401],[69.7720452,42.204729],[69.7550312,42.1960677],[69.7605377,42.2282689],[69.7316309,42.2287094],[69.6553597,42.1908098],[69.6481753,42.1651338],[69.6505692,42.1598693],[69.6529046,42.1590415],[69.6493362,42.1558362],[69.6310818,42.1593101],[69.6200285,42.1384184],[69.611705,42.128835],[69.564635,42.1317519],[69.557846,42.1310543],[69.5489466,42.1326654],[69.5370503,42.1093468],[69.5360237,42.1132789],[69.5377574,42.1167665],[69.5388954,42.1207956],[69.539764,42.1220872],[69.5389604,42.1256015],[69.537519,42.1335402],[69.4858449,42.1216924],[69.4256368,42.1668443],[69.3521884,42.3051131],[69.3501997,42.3096578]]]}},{"type":"Feature","properties":{"name":"г.Астана","region":"г.Астана","id_reg":71},"geometry":{"type":"MultiPolygon","coordinates":[[[[71.6579553,51.3171883],[71.7063332,51.3476043],[71.672494,51.3174535],[71.6580344,51.3171614],[71.6579553,51.3171883]]],[[[71.3732513,50.886331],[71.4425066,50.8770764],[71.4362356,50.8576076],[71.3667047,50.8669003],[71.3732513,50.886331]]],[[[71.2373583,51.2084581],[71.2399218,51.210245],[71.241163,51.2112794],[71.2404523,51.213535],[71.244691,51.2251326],[71.258617,51.2435509],[71.3114539,51.2449437],[71.3273889,51.2601214],[71.345939,51.2685114],[71.3627538,51.2793873],[71.3895611,51.2910925],[71.4908788,51.2886239],[71.5031379,51.2553081],[71.5669799,51.2574786],[71.607036,51.2626575],[71.574053,51.2203837],[71.6237954,51.183384],[71.644317,51.1416058],[71.710926,51.1320459],[71.7419693,51.1015541],[71.7365773,51.0967458],[71.7290685,51.1005989],[71.7227033,51.102348],[71.7142179,51.0995213],[71.7087346,51.096358],[71.7023974,51.0928702],[71.6952673,51.0908533],[71.6940646,51.0937395],[71.6883588,51.0914959],[71.6803914,51.0905816],[71.5880489,51.0747023],[71.5502428,51.0295973],[71.5386946,51.008908],[71.5373482,51.0076195],[71.5368842,50.9898371],[71.5375292,50.987903],[71.5542984,50.968299],[71.4716139,50.937655],[71.456328,50.9825631],[71.4455402,51.0023384],[71.429105,51.0052279],[71.4075896,51.0084641],[71.385904,51.0125127],[71.35416,51.0167081],[71.3283816,51.0222113],[71.3055342,51.022608],[71.290648,51.0218833],[71.2768748,51.0288011],[71.267876,51.0387916],[71.2577561,51.0473602],[71.2539919,51.0560155],[71.2501937,51.0682048],[71.2258834,51.100177],[71.2309471,51.124654],[71.2361616,51.149646],[71.2596282,51.1750837],[71.2795447,51.1808637],[71.2759796,51.1803269],[71.2733133,51.1813663],[71.2707327,51.1837926],[71.2707369,51.1866954],[71.2720238,51.1890821],[71.2672379,51.1887031],[71.2627222,51.1898339],[71.2605523,51.1921579],[71.25695,51.189486],[71.2514126,51.1905845],[71.2493165,51.1941087],[71.243399,51.200068],[71.2430866,51.2044107],[71.2373583,51.2084581]]],[[[71.3201952,51.2953906],[71.3362248,51.2717005],[71.3092516,51.2638485],[71.2980936,51.272763],[71.3078783,51.2777028],[71.3061189,51.2909625],[71.3201952,51.2953906]]],[[[71.782424,51.1504554],[71.7661365,51.1446854],[71.7608792,51.1457224],[71.7468576,51.1621451],[71.740388,51.16606],[71.7851103,51.165569],[71.7851913,51.1573031],[71.782424,51.1504554]]]]}},{"type":"Feature","properties":{"name":"Павлодарская","region":"Павлодарская","id_reg":55},"geometry":{"type":"Polygon","coordinates":[[[73.4382659,53.4353948],[73.7946291,53.58853],[73.9302689,53.6476157],[74.0717261,53.6298713],[74.0877378,53.5622303],[74.3050647,53.5175624],[74.4868326,53.5760217],[74.6677262,53.7559902],[74.9762177,53.8225944],[74.9827087,53.8212835],[74.9845326,53.817496],[74.9861312,53.8151207],[75.2656925,53.9095524],[75.5287743,54.1150136],[76.475925,54.3182396],[76.7955286,54.4190245],[76.8775811,54.4029411],[76.8647735,54.2861705],[76.695346,54.1469985],[76.5040997,54.0317861],[76.8928498,53.8176903],[77.4254769,53.5494846],[77.9065061,53.29141],[78.2669757,52.9238161],[78.7173638,52.428923],[79.1130423,52.0031662],[79.3196189,51.7061032],[79.2308712,51.6807357],[79.2414712,51.643102],[79.0290214,51.4794373],[78.7480268,51.3814453],[78.6969304,51.3016024],[78.4838392,51.2299476],[78.2863137,51.2003359],[78.1004613,51.1470945],[78.1257534,51.124536],[78.1290149,51.1041687],[78.0986292,51.072513],[78.1245072,51.0297938],[78.1947434,50.9917401],[78.26929,50.8872664],[78.4004393,50.8484817],[78.4721938,50.8057594],[78.4516076,50.7693379],[78.6084041,50.6840862],[78.6748981,50.5762603],[78.7724876,50.4202768],[78.187637,50.0831417],[77.5667621,50.4995056],[76.8375204,50.6355265],[76.781479,50.5913619],[76.3100923,50.3119448],[75.9926236,50.247835],[75.7703038,50.2093672],[75.5908064,50.1815384],[75.0124294,50.0295995],[74.8165898,50.0855839],[74.8831245,50.151202],[75.0709804,50.2054869],[74.972303,50.3298749],[74.8927261,50.4611669],[74.632116,50.4887776],[74.5554812,50.6321809],[74.2866671,50.6168528],[73.9228296,50.7322558],[74.0268653,50.8387039],[74.0618997,50.8403051],[74.0625757,50.8582508],[74.0612531,50.8751357],[74.0500825,50.903567],[74.0849536,50.9206953],[74.0932536,50.9387847],[74.0738858,50.9603923],[74.0552409,50.9454189],[74.0154693,50.9441572],[74.0042702,50.9734126],[74.0271872,51.0018598],[73.9997213,51.0356595],[74.0162008,51.1442346],[74.0091896,51.1875585],[74.0255096,51.197544],[73.6885699,51.3008111],[73.8183952,51.4046105],[74.1628557,51.530146],[74.007314,51.6430139],[73.7826669,51.6408166],[73.7868673,51.6498742],[73.7967056,51.6560181],[73.8007075,51.6563709],[73.8047737,51.6654287],[73.8019735,51.6718565],[73.7970382,51.6753363],[73.7950212,51.67994],[73.7893134,51.6879023],[73.7892276,51.6900706],[73.7931651,51.6978981],[73.7891954,51.7028934],[73.7888843,51.7127064],[73.7940019,51.7178846],[73.7923497,51.7301066],[73.7976926,51.7376083],[73.799538,51.748244],[73.8074666,51.756699],[73.8142687,51.7671444],[73.8133567,51.7733786],[73.8154167,51.7797646],[73.8167846,51.7873376],[73.8209957,51.7904136],[73.8215536,51.7932572],[73.8193971,51.7963941],[73.8109106,51.7953457],[73.8093281,51.8017916],[73.8191449,51.8097458],[73.823061,51.8135697],[73.9690725,51.8929884],[73.7465683,52.6269574],[73.7239909,52.7108583],[73.8540062,52.6518723],[73.8989011,52.9043879],[73.7019669,52.8065768],[73.608505,52.8926538],[73.504576,52.9382937],[73.5079638,52.9457114],[73.5118646,52.9504419],[73.5123327,52.9545715],[73.7445552,53.1466638],[73.4290052,53.1286872],[73.4245526,53.1439464],[73.4204895,53.1518949],[73.4191353,53.1455917],[73.4203814,53.1384008],[73.4082016,53.1600532],[73.4097659,53.1989752],[73.4115067,53.2252113],[73.4190824,53.2614389],[73.430034,53.2922209],[73.4382659,53.4353948]]]}},{"type":"Feature","properties":{"name":"Алматинская","region":"Алматинская","id_reg":19},"geometry":{"type":"Polygon","coordinates":[[[74.1657195,46.1383257],[76.230289,46.5171361],[76.5260337,45.1901287],[76.8465668,44.7545255],[77.0644254,44.4976082],[77.3052627,44.3490589],[77.3711792,44.338159],[77.3384345,44.2164601],[77.5679119,44.0914031],[77.8095053,44.0252889],[77.8455225,43.8683872],[78.039335,43.8703352],[78.2337263,43.8975881],[78.3760657,43.8752618],[78.4034457,43.8718588],[78.429624,43.865176],[78.4499659,43.855336],[78.4675433,43.8602581],[78.4807046,43.8515166],[78.4993852,43.8391565],[78.5858819,43.8356277],[78.6353871,43.8239972],[78.6748192,43.8370034],[78.7452004,43.8434418],[78.7791035,43.8450513],[78.8069985,43.8453608],[78.8517162,43.850746],[78.9334271,43.8472797],[78.9843671,43.8503066],[79.0248792,43.8332825],[79.0677417,43.843604],[79.1175763,43.8329729],[79.1937081,43.8489449],[79.2334911,43.8639285],[79.277694,43.8907796],[79.3703911,43.9121158],[79.4169972,43.9324553],[79.4669506,43.9530968],[79.5410225,43.9782401],[79.5701306,43.9753679],[79.599514,43.9671488],[79.6574497,43.9486132],[79.7240543,43.9275993],[79.7267805,43.9007208],[79.790723,43.8625566],[79.8621183,43.8302709],[79.9218723,43.8147628],[79.9780056,43.8156298],[80.0022098,43.8069586],[80.0358554,43.7963036],[80.0878688,43.7810612],[80.1275226,43.7857707],[80.1932689,43.7732526],[80.2288028,43.7720131],[80.2335824,43.7592103],[80.2734348,43.7634595],[80.320985,43.7695339],[80.3392151,43.7728556],[80.3946277,43.7880013],[80.4224119,43.8040324],[80.4508476,43.7948676],[80.4742371,43.7882335],[80.4887443,43.7923767],[80.5021802,43.8038609],[80.5110361,43.8210844],[80.5683435,43.7551103],[80.6179738,43.6815308],[80.6238596,43.6727636],[80.6273164,43.668528],[80.6856382,43.5797326],[80.753374,43.457238],[80.7539375,43.4460408],[80.7441164,43.4406068],[80.7377528,43.4352993],[80.7352374,43.4297668],[80.7331469,43.4191864],[80.7350599,43.4131312],[80.733576,43.4035684],[80.7350941,43.3931528],[80.7234297,43.3758945],[80.7132808,43.3695202],[80.7068863,43.3649938],[80.7061075,43.3590029],[80.7038683,43.3518573],[80.6974104,43.3466716],[80.6918146,43.3409225],[80.6872963,43.3385281],[80.6844407,43.3345946],[80.6831442,43.3304188],[80.6856384,43.3255041],[80.69005,43.321669],[80.6955017,43.3179144],[80.6993899,43.3169473],[80.7035985,43.3189217],[80.7137517,43.3176373],[80.7190979,43.3178685],[80.7264681,43.317181],[80.7317505,43.3169634],[80.7380437,43.3168763],[80.7465581,43.3159888],[80.7512151,43.3188578],[80.7581231,43.3159415],[80.7675624,43.3152021],[80.7761889,43.3120424],[80.7786453,43.3062072],[80.7743415,43.2988956],[80.7709898,43.2902128],[80.7734103,43.2807972],[80.7652884,43.2714064],[80.7680326,43.2634435],[80.7718013,43.2591895],[80.7762087,43.2515128],[80.7816249,43.248571],[80.7879252,43.2392072],[80.784937,43.2329691],[80.7827181,43.2241789],[80.7830574,43.215314],[80.7866372,43.2092359],[80.7862945,43.2017294],[80.7914156,43.1960325],[80.7962463,43.1864562],[80.8071971,43.1777466],[80.8006456,43.1746385],[80.7953502,43.1715097],[80.7956047,43.163931],[80.7923155,43.1590243],[80.788157,43.1469522],[80.7883409,43.1426903],[80.7807019,43.1377608],[80.7685074,43.1420234],[80.7509003,43.1453605],[80.7327013,43.1413406],[80.7180576,43.133985],[80.7091966,43.1404354],[80.6994638,43.1434842],[80.6840357,43.1437154],[80.6728606,43.14368],[80.6662918,43.1475608],[80.6518578,43.1488466],[80.6414537,43.1457185],[80.6332246,43.1471058],[80.6282921,43.1408944],[80.6183254,43.1423721],[80.6099777,43.1419592],[80.6036757,43.1365171],[80.5950783,43.1368172],[80.5894882,43.1374956],[80.5810745,43.1295773],[80.5753578,43.1234414],[80.5719979,43.1187636],[80.5652259,43.1169356],[80.5603376,43.112636],[80.5572142,43.105282],[80.5489411,43.0977091],[80.539544,43.0988862],[80.5331449,43.0952937],[80.5257991,43.0919674],[80.5209875,43.0878783],[80.5091072,43.0847468],[80.5004643,43.0788705],[80.4896402,43.0727112],[80.4792091,43.0695573],[80.47324,43.0725155],[80.4660074,43.0721677],[80.4601747,43.0748764],[80.4528804,43.0732223],[80.4433037,43.0679452],[80.4375848,43.0669567],[80.4276698,43.0631002],[80.4219077,43.0623084],[80.4160187,43.0588396],[80.4085192,43.05736],[80.3814697,43.0358349],[80.3806853,43.020856],[80.3827286,43.015509],[80.3846172,43.0124229],[80.3857371,43.0109028],[80.3871196,43.0075937],[80.3876668,43.0053463],[80.388115,43.0030793],[80.3904849,43.0001071],[80.3919356,42.9979292],[80.3942313,42.9960183],[80.3976664,42.9938864],[80.4003332,42.9926495],[80.4018032,42.9913386],[80.4029594,42.9901629],[80.4055759,42.9891158],[80.4095877,42.9877859],[80.4119763,42.9868771],[80.4151906,42.9851285],[80.4171279,42.9820458],[80.4197729,42.9810096],[80.4224022,42.9791887],[80.4233707,42.9782301],[80.4245308,42.9772365],[80.4278567,42.9753095],[80.4296015,42.9746566],[80.4302657,42.9738541],[80.4333277,42.9727537],[80.4347576,42.9715272],[80.436598,42.9693093],[80.4389327,42.9673598],[80.4413211,42.9659956],[80.4432392,42.9653701],[80.4459253,42.9640605],[80.4508677,42.9627708],[80.4545832,42.9613221],[80.458876,42.9584178],[80.4606377,42.9581807],[80.4633626,42.956818],[80.4679532,42.9549177],[80.4713988,42.9534634],[80.4739368,42.9520476],[80.4748883,42.9504526],[80.4774307,42.949266],[80.4796831,42.9480663],[80.4819786,42.9465747],[80.4841511,42.945639],[80.485891,42.9446869],[80.4911069,42.9439219],[80.4937499,42.9440532],[80.4978379,42.9430732],[80.4993777,42.9418951],[80.5017786,42.9413732],[80.5055481,42.939883],[80.5086867,42.939197],[80.513287,42.9386464],[80.5184515,42.9390589],[80.5209249,42.9390766],[80.5252334,42.9382418],[80.5276119,42.9373736],[80.5328791,42.9371787],[80.5354622,42.9364072],[80.5384589,42.9362489],[80.5414002,42.9348991],[80.5441236,42.9335926],[80.5477371,42.9332413],[80.5515172,42.9322582],[80.5551485,42.9312607],[80.557907,42.9297958],[80.5611891,42.9280389],[80.5630268,42.9271617],[80.5650876,42.9260571],[80.5660654,42.9251559],[80.5673202,42.9243249],[80.5691641,42.9221609],[80.5706842,42.9201113],[80.5745854,42.919212],[80.5756289,42.9190838],[80.5774199,42.9190298],[80.5777632,42.9178763],[80.579345,42.9168707],[80.5804678,42.9165035],[80.5826504,42.9164031],[80.5831375,42.916687],[80.5840398,42.916166],[80.5849507,42.9163213],[80.5859368,42.9159158],[80.5852145,42.9151473],[80.586121,42.9150483],[80.5868845,42.9152117],[80.5871777,42.9146767],[80.58791,42.9145808],[80.5888764,42.9147686],[80.5890343,42.9141941],[80.5895354,42.9135228],[80.5902223,42.9138737],[80.591184,42.9134752],[80.5910957,42.9131498],[80.5916328,42.9121934],[80.5909134,42.9116615],[80.5920941,42.9109284],[80.5924316,42.9105371],[80.5923959,42.9099201],[80.5926966,42.9094843],[80.5926919,42.9089659],[80.5937473,42.9083015],[80.5949415,42.908057],[80.5953251,42.907722],[80.5949783,42.9074972],[80.5952282,42.9067548],[80.5947349,42.9063828],[80.5950202,42.9058152],[80.5943711,42.9056336],[80.5948404,42.9046392],[80.5953422,42.9035384],[80.5954393,42.9031376],[80.5955221,42.9026495],[80.5965448,42.9022893],[80.597007,42.901859],[80.5977255,42.9016295],[80.5986564,42.9007407],[80.5971612,42.9002708],[80.5968153,42.8990519],[80.5962335,42.8985009],[80.5970683,42.8983204],[80.5969924,42.8979198],[80.5960822,42.8972491],[80.5971026,42.8973368],[80.5971017,42.8964746],[80.5975828,42.8967911],[80.5984391,42.896155],[80.598381,42.8945702],[80.599025,42.8936017],[80.5997172,42.8942569],[80.5996457,42.8955836],[80.5980218,42.8928577],[80.5893701,42.8923719],[80.5795425,42.8906608],[80.5711551,42.8950075],[80.5764332,42.8883197],[80.5626696,42.887711],[80.5525798,42.8808194],[80.5457339,42.885823],[80.5387923,42.8808038],[80.5282295,42.882933],[80.5161089,42.8783271],[80.508338,42.8729715],[80.5014388,42.8804748],[80.4998555,42.8717629],[80.488184,42.8732066],[80.4811733,42.8676944],[80.4731574,42.8672135],[80.4718664,42.8634736],[80.4694376,42.863042],[80.4610094,42.8636117],[80.4612508,42.8567042],[80.451344,42.8593274],[80.4423159,42.8595876],[80.4392752,42.8571818],[80.4372509,42.8539849],[80.4385883,42.8525431],[80.4314537,42.8521483],[80.4284716,42.8562925],[80.4262313,42.8519974],[80.4213478,42.8493533],[80.4219232,42.8441564],[80.4239566,42.8421557],[80.4210227,42.8413922],[80.4159742,42.8402045],[80.411472,42.8364238],[80.4102862,42.8320429],[80.4046278,42.8295942],[80.4060775,42.8326539],[80.4012559,42.8328792],[80.3981105,42.8338234],[80.3946309,42.8351059],[80.388991,42.8382654],[80.3876718,42.8349284],[80.3840349,42.8334107],[80.3799442,42.8317377],[80.3811484,42.8302288],[80.3769064,42.828103],[80.3762623,42.8312281],[80.3719261,42.8288309],[80.3725796,42.830859],[80.3656447,42.8281119],[80.3659473,42.8297584],[80.3642106,42.8332776],[80.3614995,42.833069],[80.3548188,42.8315957],[80.3565555,42.8282717],[80.3517386,42.8275838],[80.3455602,42.8311697],[80.3462016,42.8286933],[80.3410337,42.8278634],[80.3374755,42.8306282],[80.3371323,42.8281281],[80.3352244,42.8286711],[80.3323923,42.825014],[80.3294755,42.8265541],[80.3270308,42.8277347],[80.3283137,42.8306549],[80.329887,42.8311386],[80.3336631,42.8349817],[80.3316056,42.8360733],[80.3265507,42.8373051],[80.324701,42.8349994],[80.3233213,42.8388023],[80.322698,42.8360467],[80.3173788,42.8369386],[80.3160112,42.8329137],[80.3128342,42.8360378],[80.3086345,42.8368232],[80.3058025,42.8361665],[80.3056149,42.8340364],[80.3046648,42.8358869],[80.3017359,42.8342583],[80.2982604,42.833393],[80.2950068,42.8326253],[80.2922684,42.8296755],[80.2907648,42.8359668],[80.2853113,42.8366137],[80.2832126,42.8331622],[80.2795213,42.8331223],[80.2773367,42.8379769],[80.2757028,42.8322081],[80.2713519,42.831751],[80.2678623,42.8291384],[80.2649875,42.828652],[80.2636485,42.8266429],[80.2635456,42.8289462],[80.2621538,42.8294078],[80.2602228,42.8269278],[80.2645264,42.8258294],[80.263035,42.8232112],[80.2421073,42.7565637],[80.2265095,42.7016747],[80.2271786,42.6988134],[80.2288396,42.6964242],[80.2254359,42.6932493],[80.2236134,42.6927984],[80.221021,42.6930037],[80.2184786,42.6921147],[80.2173102,42.6910837],[80.2147493,42.6897788],[80.2130848,42.6896031],[80.2079212,42.6892005],[80.2033567,42.6879581],[80.1995738,42.6849855],[80.1949226,42.683683],[80.1911202,42.6819708],[80.1886243,42.6796597],[80.1866594,42.6783542],[80.1841699,42.6756712],[80.1803031,42.6735319],[80.1767228,42.6713686],[80.1746648,42.6681496],[80.1744504,42.6670144],[80.1751635,42.6657244],[80.1743734,42.6632767],[80.1739263,42.6619479],[80.1736897,42.660216],[80.1735802,42.6584361],[80.1742968,42.6562323],[80.1737751,42.6536923],[80.172297,42.652173],[80.1703729,42.6506611],[80.1691761,42.6494847],[80.1682843,42.6477538],[80.1678341,42.6457498],[80.1683053,42.643306],[80.1677857,42.6404378],[80.1659534,42.6382111],[80.165107,42.6362805],[80.1633907,42.6339445],[80.162127,42.6316434],[80.1625363,42.6281338],[80.1630069,42.6254713],[80.1636694,42.6231287],[80.1648978,42.6221535],[80.1658717,42.6200135],[80.1683202,42.6166607],[80.1697517,42.6148093],[80.1703581,42.612629],[80.1719683,42.6092902],[80.1737634,42.6075529],[80.1764554,42.6050492],[80.1780088,42.6022683],[80.1776776,42.599958],[80.1783213,42.5978798],[80.1789868,42.5962622],[80.1794022,42.5944689],[80.1781177,42.5919738],[80.1787843,42.5891363],[80.1799654,42.5872397],[80.1814211,42.5834055],[80.1838499,42.5801755],[80.1860474,42.5786726],[80.188167,42.5741679],[80.1899165,42.5706549],[80.1913697,42.568982],[80.1935985,42.5663205],[80.1972738,42.5644617],[80.2000014,42.5622569],[80.2003078,42.5592107],[80.2016924,42.5566367],[80.2022462,42.5549319],[80.2029384,42.5538408],[80.2043424,42.5523579],[80.205167,42.5513468],[80.206625,42.5503385],[80.2089053,42.5482812],[80.2102548,42.5461919],[80.2111476,42.5447242],[80.2161642,42.5386946],[80.2220276,42.5321262],[80.2241688,42.5316854],[80.2261121,42.5298604],[80.2273163,42.5292091],[80.2288572,42.5287783],[80.2297749,42.5280717],[80.2316253,42.5274306],[80.2338605,42.5267902],[80.235704,42.5270501],[80.2380773,42.526909],[80.2412029,42.5264625],[80.2445623,42.5254732],[80.2468066,42.5247566],[80.2494486,42.5231341],[80.252037,42.5133926],[80.2718639,42.5078881],[80.2579164,42.4987128],[80.2320763,42.4895063],[80.2188815,42.4805036],[80.2089051,42.4623495],[80.2093546,42.442934],[80.2052506,42.4280833],[80.2146739,42.4216253],[80.2185948,42.4109412],[80.22686,42.4083934],[80.2276573,42.397341],[80.2369162,42.39049],[80.2372091,42.3796214],[80.2283787,42.3690777],[80.2273251,42.3578338],[80.237006,42.3457839],[80.2476553,42.3409839],[80.2583969,42.3320526],[80.2769594,42.3242685],[80.282056,42.3172063],[80.2735517,42.3138611],[80.2704199,42.3106584],[80.2600746,42.3038154],[80.2606142,42.300015],[80.2594847,42.2928525],[80.2636766,42.2891313],[80.2679251,42.2839243],[80.2733332,42.2833885],[80.2807807,42.2795678],[80.2893285,42.2600836],[80.2820586,42.2490293],[80.2854466,42.2404646],[80.279073,42.2322628],[80.2630904,42.2236472],[80.2432977,42.2181119],[80.222872,42.2208726],[80.1924662,42.2266004],[80.119044,42.2772945],[80.13798,42.291697],[80.106256,42.315685],[80.083164,42.330106],[80.074267,42.339905],[80.050665,42.341354],[80.023151,42.34598],[80.007941,42.360641],[79.992585,42.377764],[79.9781019,42.3859012],[79.9690436,42.4002331],[79.966718,42.41627],[79.967604,42.433491],[79.946201,42.434528],[79.926573,42.436519],[79.912465,42.43923],[79.893144,42.440722],[79.863783,42.439337],[79.834253,42.442685],[79.811503,42.447157],[79.783324,42.449957],[79.757853,42.451957],[79.738534,42.465243],[79.706647,42.46922],[79.690068,42.479122],[79.647897,42.470744],[79.633907,42.453724],[79.605505,42.454664],[79.579407,42.459173],[79.555564,42.460478],[79.530382,42.457937],[79.501429,42.470578],[79.481972,42.489381],[79.451736,42.505638],[79.430007,42.516522],[79.419614,42.540871],[79.395383,42.556436],[79.377506,42.580054],[79.346265,42.602277],[79.321601,42.6028112],[79.3045049,42.6124537],[79.2878611,42.621599],[79.2734729,42.6220917],[79.2633078,42.6251466],[79.2468142,42.6364462],[79.2358335,42.6427614],[79.2243523,42.6525469],[79.205805,42.667486],[79.1994706,42.6778528],[79.1836758,42.6954185],[79.1814526,42.7072006],[79.1732112,42.7199033],[79.1701835,42.7324466],[79.1724083,42.7417673],[79.173998,42.7577788],[79.1880254,42.7740637],[79.1947702,42.7882866],[79.2021951,42.8034048],[79.1828371,42.8009292],[79.0945356,42.7857793],[79.023608,42.776844],[78.981509,42.776987],[78.960539,42.77983],[78.926876,42.77719],[78.905641,42.787502],[78.885494,42.793492],[78.865886,42.799664],[78.837592,42.799479],[78.813253,42.806905],[78.78814,42.800992],[78.753367,42.818914],[78.733097,42.815755],[78.702852,42.820389],[78.677642,42.814573],[78.650734,42.825703],[78.641886,42.842362],[78.623164,42.850687],[78.600232,42.849465],[78.582224,42.85331],[78.555447,42.865688],[78.535441,42.881322],[78.513257,42.888451],[78.489444,42.898394],[78.475573,42.893644],[78.454815,42.886548],[78.440777,42.883419],[78.414738,42.879887],[78.384741,42.884271],[78.369828,42.885746],[78.362667,42.86845],[78.348808,42.854848],[78.320495,42.856944],[78.294297,42.861507],[78.26818,42.869897],[78.243848,42.874377],[78.230269,42.875965],[78.217099,42.871938],[78.200638,42.879208],[78.176982,42.873886],[78.166959,42.85956],[78.142974,42.857207],[78.111377,42.863919],[78.092885,42.849831],[78.069608,42.851609],[78.0521595,42.8477718],[78.038497,42.860166],[78.01267,42.867999],[77.996869,42.861417],[77.984181,42.855944],[77.974278,42.852304],[77.966849,42.852434],[77.957875,42.854921],[77.948567,42.857821],[77.942555,42.863005],[77.941783,42.872767],[77.935855,42.880215],[77.92854,42.876431],[77.918042,42.874725],[77.906354,42.872366],[77.898437,42.878754],[77.887084,42.880673],[77.877111,42.885012],[77.872303,42.888086],[77.856635,42.887391],[77.846634,42.884852],[77.834945,42.882363],[77.820514,42.886309],[77.814757,42.895397],[77.808922,42.902755],[77.799709,42.905314],[77.793446,42.90975],[77.780651,42.914754],[77.770596,42.912579],[77.763436,42.906849],[77.752624,42.9076],[77.745258,42.908869],[77.734382,42.906127],[77.725,42.907237],[77.71459,42.907712],[77.7057884,42.9058316],[77.696993,42.903906],[77.693128,42.908815],[77.683051,42.913295],[77.675116,42.917213],[77.667497,42.914601],[77.66133,42.91395],[77.652847,42.914236],[77.640243,42.917253],[77.630133,42.916806],[77.619293,42.917177],[77.612577,42.914186],[77.605805,42.91498],[77.596207,42.91548],[77.58391,42.915715],[77.5797,42.918789],[77.573591,42.924696],[77.562398,42.926889],[77.565671,42.933275],[77.564927,42.937027],[77.553126,42.940321],[77.542331,42.939138],[77.531882,42.937325],[77.525384,42.933794],[77.519237,42.929034],[77.509462,42.929872],[77.501248,42.927183],[77.489644,42.925293],[77.477962,42.93357],[77.464099,42.935369],[77.452202,42.929528],[77.435957,42.925473],[77.418928,42.927634],[77.404597,42.921962],[77.393811,42.915103],[77.378587,42.909685],[77.370475,42.90817],[77.358371,42.901662],[77.349533,42.900213],[77.336529,42.906257],[77.325776,42.91056],[77.312345,42.912682],[77.296516,42.915131],[77.291528,42.908416],[77.283068,42.910881],[77.270883,42.913619],[77.255316,42.911919],[77.24164,42.912737],[77.224929,42.9141],[77.225597,42.924439],[77.212608,42.927098],[77.2004068,42.9356006],[77.1860737,42.942929],[77.173267,42.9453453],[77.154789,42.945902],[77.15622,42.955393],[77.1534434,42.9660026],[77.1563811,42.9709557],[77.1427648,42.9733671],[77.1249146,42.9698682],[77.1172758,42.9750985],[77.1068141,42.974895],[77.0960543,42.9761587],[77.0702074,42.9771746],[77.0534711,42.961323],[77.0440829,42.9505096],[77.034133,42.950814],[77.0251366,42.9532416],[77.014175,42.963673],[77.0082138,42.9734844],[77.0050254,42.9801559],[77.003632,42.9835091],[76.9924698,42.9853017],[76.9799712,42.9840145],[76.9695548,42.9859723],[76.95783,42.980538],[76.9517942,42.9802401],[76.9440184,42.9824692],[76.935538,42.976098],[76.928938,42.970035],[76.915835,42.966517],[76.905876,42.972165],[76.897155,42.969766],[76.885513,42.974131],[76.874515,42.970856],[76.8621595,42.9748265],[76.8572649,42.9777594],[76.850497,42.979487],[76.84593,42.984124],[76.835014,42.980125],[76.8364952,42.9709369],[76.827813,42.962849],[76.8117097,42.9534095],[76.798716,42.947585],[76.7797252,42.9560265],[76.758234,42.9500255],[76.750126,42.944086],[76.755966,42.935947],[76.750486,42.925396],[76.73911,42.918085],[76.727036,42.912084],[76.716889,42.908229],[76.706872,42.904247],[76.688317,42.905621],[76.678882,42.909021],[76.662947,42.907743],[76.64841,42.911577],[76.633257,42.907141],[76.619061,42.910877],[76.601389,42.915615],[76.588177,42.908398],[76.575633,42.906073],[76.557839,42.908942],[76.548792,42.910218],[76.5352292,42.9187373],[76.520328,42.920697],[76.505381,42.918768],[76.502827,42.907874],[76.497296,42.903442],[76.488917,42.893454],[76.47828,42.884302],[76.465436,42.886602],[76.451375,42.883024],[76.435599,42.883328],[76.418564,42.873392],[76.402666,42.874147],[76.38342,42.870752],[76.371132,42.865927],[76.357075,42.86533],[76.351691,42.862179],[76.336913,42.862909],[76.325149,42.870432],[76.3052878,42.8738889],[76.301737,42.885637],[76.303702,42.894272],[76.3082253,42.9037671],[76.292848,42.910587],[76.279489,42.914652],[76.264959,42.91915],[76.2469443,42.9192278],[76.228831,42.920209],[76.213565,42.918969],[76.200286,42.916596],[76.1915381,42.9310949],[76.170276,42.92903],[76.146306,42.926756],[76.127061,42.924225],[76.111697,42.92465],[76.090465,42.91879],[76.076295,42.922094],[76.058249,42.915612],[76.041645,42.914384],[76.027082,42.911259],[76.018124,42.920439],[76.002057,42.926687],[75.988647,42.928617],[75.97386,42.929867],[75.955987,42.933764],[75.9483653,42.934711],[75.9514904,42.9426186],[75.9431079,42.9491449],[75.937224,42.955718],[75.925388,42.955506],[75.920747,42.953777],[75.912596,42.949468],[75.896638,42.944894],[75.881904,42.944322],[75.870242,42.944296],[75.858327,42.942686],[75.845161,42.941011],[75.834616,42.937341],[75.8057486,42.9395954],[75.7737667,42.9726018],[75.7420678,42.960328],[75.546231,42.988467],[75.5862831,43.072587],[75.4705539,43.1187813],[75.349428,43.1459999],[75.2818494,43.3345334],[75.3431919,43.5342461],[75.1329504,43.5663129],[75.2845328,43.8773522],[75.3070797,44.1480388],[74.9854658,44.3265595],[74.4025796,44.8012112],[73.7550358,45.1043514],[74.1657195,46.1383257]],[[76.7387238,43.313583],[76.7499446,43.3033448],[76.7546128,43.2966398],[76.771076,43.2918702],[76.785082,43.2818605],[76.7923093,43.2884274],[76.7960215,43.286863],[76.7970207,43.2833261],[76.7997869,43.2743957],[76.7877364,43.2671491],[76.7866049,43.2660074],[76.7887445,43.2640197],[76.7917552,43.2611641],[76.7928124,43.252944],[76.7873485,43.2527318],[76.7815066,43.251715],[76.7750163,43.2492512],[76.7782625,43.2439366],[76.7805505,43.2404934],[76.7851888,43.233426],[76.7750656,43.230877],[76.770366,43.2281555],[76.7726893,43.2237271],[76.7803917,43.2184238],[76.7723541,43.2178682],[76.7723235,43.2143159],[76.7756818,43.2077552],[76.7780694,43.2010923],[76.7801472,43.1996117],[76.7847748,43.1961735],[76.7869483,43.1972329],[76.7897585,43.1964876],[76.790813,43.1918165],[76.7905806,43.188471],[76.790426,43.1859097],[76.7917888,43.1821251],[76.7916796,43.1785778],[76.7925373,43.1758376],[76.7906183,43.173453],[76.7927594,43.1672622],[76.7883763,43.1666154],[76.7886301,43.1628173],[76.7865919,43.1628939],[76.7847385,43.1625209],[76.7824743,43.1620644],[76.7784678,43.1615953],[76.7847567,43.156412],[76.7965681,43.1552133],[76.7988386,43.1531645],[76.7986837,43.1518272],[76.7987919,43.1511687],[76.7986585,43.1491312],[76.7988662,43.1480716],[76.7995938,43.1471044],[76.8055603,43.1459518],[76.823114,43.1363894],[76.838279,43.124101],[76.8514347,43.1276443],[76.8637523,43.1312552],[76.8951548,43.1260948],[76.9006974,43.0839472],[76.9455012,43.0842715],[76.9571707,43.0530159],[76.9434791,43.0337707],[76.9830304,43.0440355],[76.9931102,43.0455871],[77.0800349,43.1011416],[77.0901602,43.1124099],[77.1144352,43.1134666],[77.1116185,43.1161723],[77.0867287,43.1286452],[77.0759393,43.1378717],[77.0637321,43.1444048],[77.0673541,43.1622008],[77.0766807,43.1627169],[77.0823317,43.1590137],[77.08589,43.1590691],[77.0871286,43.160238],[77.0902852,43.1607549],[77.094619,43.1599141],[77.0974194,43.1583586],[77.0993299,43.1578465],[77.1016786,43.1572435],[77.1067057,43.1543993],[77.1168062,43.1536357],[77.1442338,43.1910336],[77.1148204,43.1838676],[77.1028094,43.1751876],[77.052232,43.2258831],[77.0450073,43.231169],[77.0355888,43.2410548],[77.0330707,43.2459736],[77.0245188,43.251117],[77.0124106,43.2604731],[77.0051396,43.2627804],[77.0121654,43.2650629],[77.0143289,43.2732291],[77.0122668,43.2800218],[77.0140448,43.2832801],[77.0108233,43.2857236],[77.0149343,43.2918917],[77.0189755,43.2951364],[77.0405128,43.3102561],[77.0297021,43.3171719],[77.0292963,43.3241482],[77.0413465,43.3378857],[77.0318552,43.3467596],[77.0589978,43.3591523],[77.0967712,43.3802774],[77.0867031,43.375845],[77.0678526,43.374439],[77.012686,43.3636098],[77.0122951,43.3750615],[77.0111678,43.3799967],[77.008372,43.3883153],[77.0041497,43.3923006],[77.0004044,43.3978773],[76.9889992,43.4012487],[76.9865715,43.40309],[76.9862678,43.4030488],[76.9825277,43.4007278],[76.983095,43.3991061],[76.981553,43.3984717],[76.9816053,43.3970044],[76.980415,43.3958316],[76.980563,43.3946969],[76.980622,43.3923388],[76.9800293,43.3911592],[76.9788226,43.3900603],[76.9782799,43.3889276],[76.9772082,43.3890248],[76.9758766,43.3875304],[76.9749594,43.3877117],[76.9718683,43.3862891],[76.9713716,43.3847731],[76.9685038,43.3837067],[76.9672592,43.3825963],[76.9658351,43.3817265],[76.9653956,43.379999],[76.9644565,43.3799873],[76.9612402,43.3805344],[76.9385463,43.3791059],[76.9343166,43.3766685],[76.9298628,43.3737153],[76.9246029,43.369362],[76.9234488,43.3669976],[76.9217442,43.3637453],[76.9190717,43.362256],[76.9171285,43.3596105],[76.9126373,43.3552731],[76.9057473,43.3520071],[76.9039142,43.3495614],[76.8997427,43.3475379],[76.8989039,43.3469937],[76.8980966,43.3467696],[76.8968087,43.3458554],[76.8963158,43.3456135],[76.8950279,43.3449592],[76.8932286,43.3448337],[76.8922611,43.3438433],[76.892255,43.3430412],[76.8916696,43.3425841],[76.8917004,43.3417371],[76.8914785,43.3412351],[76.8906241,43.3399879],[76.8865694,43.335318],[76.8763317,43.3295259],[76.877552,43.3300806],[76.8784366,43.3302286],[76.877074,43.3316487],[76.8782027,43.3332315],[76.8795348,43.3322256],[76.8783146,43.3344445],[76.8794393,43.3345216],[76.8801979,43.3347229],[76.88009,43.3341529],[76.8798491,43.3350603],[76.8789719,43.3353505],[76.8784637,43.3360669],[76.8800109,43.3361115],[76.8804603,43.3371391],[76.8802189,43.3386984],[76.8801757,43.3395351],[76.8789606,43.3395612],[76.8786155,43.3400214],[76.8788546,43.3411414],[76.8789883,43.3417522],[76.8793072,43.3421302],[76.8799238,43.3424658],[76.8790366,43.3424141],[76.8792501,43.3431998],[76.8784949,43.3436856],[76.8778113,43.3439286],[76.8772152,43.3437502],[76.8765581,43.3439869],[76.8766569,43.3444499],[76.875831,43.3450152],[76.8749435,43.3455522],[76.8757517,43.3460097],[76.8736872,43.3464723],[76.8571446,43.3332345],[76.8531998,43.3397707],[76.8559631,43.3429024],[76.8516911,43.3459347],[76.8493546,43.3519703],[76.8506346,43.3540517],[76.8430888,43.3543501],[76.8394704,43.3539117],[76.8342514,43.3536505],[76.8277026,43.3526861],[76.8193849,43.3538753],[76.8127874,43.3546468],[76.8118522,43.3530767],[76.8118037,43.3502572],[76.808501,43.3468858],[76.8064881,43.3456963],[76.8054866,43.344459],[76.8055897,43.3413168],[76.8044785,43.3390854],[76.8016032,43.3315601],[76.7957195,43.3294797],[76.7846916,43.3253746],[76.7843627,43.3234185],[76.7824251,43.3208231],[76.770925,43.3161976],[76.7442611,43.3156586],[76.7387238,43.313583]],[[77.1330759,43.3662447],[77.1338835,43.3567571],[77.1422539,43.345343],[77.1407056,43.3444365],[77.1380583,43.3388278],[77.1583694,43.33907],[77.1665201,43.3488212],[77.164942,43.3521161],[77.1646359,43.3530803],[77.1638028,43.3539329],[77.1632892,43.3544902],[77.1606988,43.3574188],[77.1458543,43.3613978],[77.1418153,43.3632458],[77.1330759,43.3662447]]]}},{"type":"Feature","properties":{"name":"Абай","region":"Абай","id_reg":10},"geometry":{"type":"Polygon","coordinates":[[[76.7792421,47.2409795],[76.9772208,47.6726514],[77.1219896,47.8649476],[77.097858,48.1481578],[76.9479449,48.3161802],[76.8838136,48.4077155],[76.9013005,48.431559],[77.3139573,48.6325907],[77.3059751,48.6373127],[77.3013617,48.6507675],[77.3036362,48.6561682],[77.3108889,48.6701848],[77.3176266,48.6785022],[77.3159958,48.6923284],[77.3105241,48.7015627],[77.3138715,48.7115598],[77.3144401,48.7165717],[77.3171009,48.720479],[77.3122407,48.7268207],[77.3154272,48.7309112],[77.3163636,48.7379573],[76.8838598,48.8140769],[77.0231723,49.0493452],[76.9816518,49.1002923],[76.9757295,49.1032566],[76.9698179,49.1038115],[76.9634557,49.1068177],[76.9569325,49.1078432],[76.9508493,49.1087422],[76.9461715,49.1105261],[76.9458067,49.1139251],[76.9440257,49.1154631],[76.9412684,49.1172467],[76.9392514,49.1195078],[76.9362795,49.1220777],[76.9324386,49.1233135],[76.926012,49.1247318],[76.9192099,49.1265713],[76.913867,49.1284177],[76.9094252,49.1285231],[76.906153,49.1299342],[76.9023871,49.1297236],[76.899029,49.1302852],[76.895864,49.130573],[76.8909287,49.1296533],[76.8872273,49.1291268],[76.882571,49.1302571],[76.8773353,49.1318858],[76.8737519,49.1320262],[76.870029,49.132665],[76.8644178,49.134069],[76.8595362,49.1353325],[76.8554377,49.1356063],[76.8521547,49.1380701],[76.8430136,49.1949423],[76.6142535,49.3346381],[76.6127944,49.3384413],[76.6110778,49.3403008],[76.6065073,49.3435443],[76.6038573,49.3466688],[76.6024518,49.3501005],[76.5991366,49.3536719],[76.5973449,49.3573967],[76.5966689,49.360639],[76.5964758,49.3627353],[76.5927958,49.3641048],[76.5915513,49.3659633],[76.5908754,49.3679965],[76.5898669,49.3705605],[76.5876889,49.3739417],[76.5850067,49.3765543],[76.586144,49.3784194],[76.5826142,49.3797605],[76.5830862,49.3826592],[76.5837622,49.385851],[76.5830326,49.3883652],[76.5831292,49.3912633],[76.5823352,49.3921223],[76.5827751,49.3955509],[76.5791595,49.3984067],[76.5765846,49.4005083],[76.5748572,49.402561],[76.5711236,49.4025331],[76.5707159,49.4042086],[76.5689027,49.404069],[76.5650296,49.404823],[76.566124,49.4068476],[76.5652442,49.4080623],[76.5620685,49.4094584],[76.5615427,49.411769],[76.5608454,49.4137234],[76.5630019,49.415957],[76.5649009,49.4176461],[76.5636349,49.4195096],[76.5639996,49.4212683],[76.560502,49.4228456],[76.5621865,49.4258185],[76.5647507,49.4264046],[76.5624976,49.4285469],[76.565094,49.4311148],[76.5668213,49.4350709],[76.5682483,49.4387128],[76.5694284,49.4404988],[76.5721857,49.4428497],[76.5755653,49.4435194],[76.5759516,49.4462888],[76.5751147,49.4498112],[76.580404,49.4507598],[76.5792453,49.4539751],[76.5823567,49.4576853],[77.0888327,49.6039244],[77.1707166,49.9301059],[77.1851791,49.9405196],[77.2008647,49.9445242],[77.2289957,49.9435922],[77.6957537,50.1928715],[78.5869213,50.0824807],[78.7408011,50.4430948],[78.6835669,50.6445623],[78.5235669,50.681137],[78.4738354,50.7795179],[78.4670439,50.8265833],[78.3654204,50.8536837],[78.2452574,50.923422],[78.188349,51.0155724],[78.1330473,51.0503153],[78.0797758,51.0798438],[78.1379413,51.1114438],[78.1096172,51.1258558],[78.1190978,51.1549657],[78.3401497,51.2447613],[78.5698917,51.2484932],[78.6996687,51.3117303],[78.8383368,51.4494231],[79.0615351,51.5868209],[79.2456475,51.6577033],[79.239489,51.6844612],[79.4116765,51.6242477],[79.5202553,51.4825989],[79.9350545,50.9286053],[80.0834091,50.8529499],[80.2882755,50.9182221],[80.4821405,51.03494],[80.4340172,51.1486651],[80.5478651,51.2064793],[80.9406108,51.2592571],[81.1124173,51.2028174],[81.175326,51.1771225],[81.1553834,51.1014323],[81.0958765,51.0314374],[81.2199145,50.9586138],[81.4135224,50.9298602],[81.4389227,50.8626776],[81.4859883,50.8241775],[81.5129825,50.7580707],[81.6340826,50.6737266],[81.6290991,50.5766958],[81.6365113,50.5772071],[81.6338532,50.5731075],[81.6344912,50.5682744],[81.6397769,50.5654669],[81.6426476,50.5639136],[81.6501358,50.5621865],[81.6500143,50.5578637],[81.6795873,50.5572751],[81.679405,50.5490046],[81.6879412,50.5513691],[81.6862248,50.5454624],[81.6928928,50.5431651],[81.7156307,50.5325268],[81.6927865,50.4624008],[81.6714915,50.4416851],[81.6818808,50.4229926],[81.7184543,50.4035396],[81.6683018,50.2988081],[81.6525357,50.286756],[81.3996084,50.3196833],[81.270563,50.2406741],[81.2258764,50.1394762],[81.3707488,50.1178999],[81.3680528,50.1061786],[81.3661449,50.0969038],[81.360596,50.0873395],[81.3634774,50.0798113],[81.3565198,50.0689837],[81.354966,50.0574518],[81.3399193,50.0531572],[81.3461782,50.0465647],[81.333878,50.0384584],[81.3305793,50.0244176],[81.513979,49.9235492],[81.6603612,49.8817301],[81.6828378,49.7779582],[81.6754314,49.7224847],[81.7362786,49.6963318],[81.9464571,49.5760328],[82.0730518,49.4786707],[82.092687,49.4096445],[82.3281672,49.3620567],[82.624011,49.2228108],[82.6382482,49.210862],[82.6507956,49.2111424],[82.6581877,49.2113631],[82.6638901,49.2183575],[82.6904868,49.2213533],[82.7199268,49.0365457],[82.8887129,48.9588202],[82.8617835,48.8584188],[82.8119266,48.8531033],[82.8130209,48.851709],[82.8143781,48.8499052],[82.8141528,48.8480308],[82.8152955,48.8461986],[82.8166366,48.8446771],[82.818954,48.8428518],[82.8217918,48.8418915],[82.822119,48.8400062],[82.8219527,48.838202],[82.8238732,48.8360552],[82.8256381,48.8342191],[82.8278911,48.8328808],[82.8281218,48.8316661],[82.829833,48.8291235],[82.8309488,48.8272871],[82.8321934,48.8257332],[82.8316247,48.822823],[82.8292107,48.8215515],[82.8259706,48.8208805],[82.8229022,48.8195312],[82.8219795,48.8172565],[82.8225696,48.8154267],[82.8233528,48.813929],[82.8255951,48.8127067],[82.7970028,48.7679712],[82.8775119,48.7556512],[82.9235387,48.7539253],[82.922498,48.7550217],[82.9169941,48.7590745],[82.9007935,48.766465],[82.8969526,48.76923],[82.900815,48.7712382],[82.8819537,48.8095626],[82.9122734,48.8242428],[82.914462,48.7754241],[82.9097843,48.7714079],[82.9403078,48.7563161],[82.9398036,48.726402],[82.9855728,48.7652416],[83.1923818,48.7176962],[83.0805015,48.7038769],[83.0620479,48.6531266],[83.0140901,48.6276755],[83.0153346,48.6263495],[83.018285,48.6265126],[83.0187142,48.6278316],[83.0203235,48.6268104],[83.0237353,48.6274983],[83.0264175,48.6262573],[83.0284023,48.6245837],[83.0305052,48.6260516],[83.0309772,48.6240873],[83.0330586,48.6251014],[83.0338311,48.623066],[83.0369747,48.6219668],[83.0625629,48.6275479],[83.1279552,48.6729539],[83.1550026,48.681285],[83.1528783,48.6751927],[83.1873607,48.6758303],[83.1954288,48.6180164],[83.3476065,48.527633],[83.5181375,48.3175514],[83.4912443,48.2643983],[83.4651946,48.2381086],[82.9870319,47.9096112],[83.0792998,47.6486218],[83.1651304,47.5228813],[83.1705565,47.2488221],[83.1301983,47.2330523],[83.1099363,47.2292993],[83.0879531,47.226181],[83.0645418,47.2278773],[83.0474517,47.2221025],[83.0389327,47.2172932],[83.0306393,47.221903],[83.0235926,47.2151395],[83.0276255,47.2049358],[83.0280206,47.1942805],[83.0250754,47.185377],[83.0286821,47.1771588],[83.0262785,47.1693018],[83.0280599,47.1623729],[83.0248188,47.1608399],[83.0241363,47.1563168],[83.0202717,47.1523274],[83.01229,47.1471588],[83.0184105,47.1419287],[83.0196466,47.1361489],[83.0181066,47.1303864],[83.006799,47.1247739],[83.009391,47.1153995],[83.0085166,47.1103124],[83.0077233,47.1077927],[83.0059979,47.1049318],[83.0057395,47.1036983],[83.0055128,47.1029192],[83.0044052,47.1020231],[83.0030303,47.1013116],[83.003164,47.1003907],[83.0027181,47.099504],[83.0024234,47.0982683],[83.002149,47.0974492],[83.0023885,47.0961369],[83.0015285,47.0949527],[83.0011031,47.0941812],[83.0009545,47.0934071],[83.000824,47.0927778],[83.0002237,47.0921606],[83.0007582,47.091556],[82.9999776,47.0909127],[82.9993306,47.0903416],[82.9991866,47.0898972],[82.9994448,47.0891103],[82.9989428,47.0883876],[82.999144,47.0876632],[82.9990569,47.0870602],[82.9989073,47.0864498],[82.9987247,47.086103],[82.9988742,47.0854174],[82.9989349,47.0850283],[82.9986972,47.0845423],[82.998849,47.0842349],[82.9988643,47.0838481],[82.9989936,47.0836468],[82.9988787,47.0833601],[82.9986407,47.0829603],[82.9986465,47.0826795],[82.9987312,47.082342],[82.9986523,47.0819487],[82.9984373,47.081666],[82.9978552,47.0812666],[82.9975295,47.080506],[82.9970911,47.0799575],[82.9973206,47.0795681],[82.9975303,47.0791979],[82.9976537,47.0787911],[82.9977568,47.0784398],[82.9976554,47.0780475],[82.9971798,47.0778768],[82.9970318,47.0775949],[82.9968504,47.0773393],[82.9969257,47.0769689],[82.9967952,47.0766023],[82.9968247,47.0763356],[82.9965773,47.0759431],[82.996435,47.0752873],[82.9960732,47.0749085],[82.9956779,47.0744625],[82.9958625,47.074111],[82.995782,47.0737938],[82.9958628,47.0735792],[82.9956641,47.0733458],[82.9952705,47.0730034],[82.9948349,47.072431],[82.9945545,47.0720438],[82.9943122,47.0715229],[82.9941228,47.0709866],[82.9937332,47.0706798],[82.9934616,47.0701898],[82.9932208,47.0697821],[82.9930546,47.0693446],[82.993068,47.06892],[82.9931816,47.0686049],[82.9929378,47.0683815],[82.9927514,47.0679941],[82.9928763,47.0676161],[82.9927994,47.0673082],[82.9929915,47.0669481],[82.9931044,47.066759],[82.9930604,47.0664545],[82.9930292,47.0661674],[82.9931224,47.065935],[82.9932313,47.0657912],[82.9931925,47.0655092],[82.9929556,47.0652638],[82.9927604,47.0649804],[82.9928231,47.0646603],[82.9930993,47.0643987],[82.9928222,47.0640361],[82.9926717,47.0637871],[82.9924325,47.0635954],[82.9923996,47.063401],[82.9922544,47.0632403],[82.9921217,47.0629947],[82.9920603,47.0627958],[82.991746,47.0625878],[82.9916491,47.0624219],[82.9913265,47.0624101],[82.9912881,47.0623167],[82.9908027,47.062191],[82.9904285,47.0619776],[82.9901537,47.0617634],[82.9899016,47.0614903],[82.9894107,47.0612169],[82.9890219,47.061143],[82.9887577,47.0611277],[82.9883662,47.0609759],[82.9881816,47.0608215],[82.9878609,47.0605226],[82.9877642,47.0604275],[82.9876142,47.0601718],[82.9875146,47.059947],[82.9873134,47.0596912],[82.9872724,47.0595511],[82.986965,47.0594942],[82.9868958,47.0592434],[82.9866896,47.0590533],[82.9864047,47.0588494],[82.9860853,47.0587118],[82.9858109,47.0586654],[82.9855034,47.0585671],[82.9853633,47.0583683],[82.9853503,47.0582524],[82.9851185,47.0579741],[82.9846375,47.0578077],[82.9843807,47.0576575],[82.9841086,47.0575297],[82.9836756,47.0573187],[82.9831798,47.057051],[82.9828289,47.0568593],[82.9820636,47.0567239],[82.9818675,47.0564767],[82.9817526,47.0562034],[82.9816506,47.0560184],[82.9815421,47.0557913],[82.9813361,47.055641],[82.9806652,47.0554687],[82.9800745,47.0551507],[82.9797777,47.0549601],[82.9791653,47.0547894],[82.9785409,47.0549237],[82.9777664,47.0549487],[82.9774655,47.0550044],[82.977234,47.0548195],[82.9766012,47.0545504],[82.9762755,47.0542808],[82.9760333,47.0541004],[82.9760024,47.0539429],[82.9757706,47.0536162],[82.9759405,47.0534845],[82.9757643,47.0531969],[82.9756568,47.052806],[82.9755461,47.0524893],[82.9756343,47.0521449],[82.9755043,47.0519512],[82.9751191,47.0517455],[82.9748649,47.051366],[82.974407,47.0509875],[82.9742604,47.0505733],[82.9732041,47.0503167],[82.9719826,47.050115],[82.9710146,47.0496365],[82.9700258,47.0493519],[82.9695632,47.049136],[82.968867,47.0489779],[82.9686784,47.0486199],[82.96872,47.0481991],[82.9687236,47.0477516],[82.9683687,47.0473431],[82.9684488,47.0467651],[82.9683791,47.0464721],[82.9682717,47.0460915],[82.9686122,47.0456251],[82.9691652,47.0450631],[82.9691063,47.0448331],[82.9690578,47.0446843],[82.9691133,47.044513],[82.9690137,47.0443694],[82.9689245,47.0442017],[82.9689595,47.0439732],[82.9688276,47.0435479],[82.9689992,47.0431917],[82.9692235,47.0428226],[82.9689038,47.0422913],[82.9687332,47.0420336],[82.9686141,47.0415895],[82.9688291,47.0411879],[82.9686333,47.0408021],[82.9685239,47.0404543],[82.9685847,47.0399691],[82.9685912,47.0395124],[82.9685013,47.0392935],[82.9683404,47.0391858],[82.9679855,47.0389767],[82.9679724,47.0387579],[82.9679908,47.0384728],[82.9679289,47.038278],[82.96776,47.038155],[82.9674096,47.0378236],[82.9673655,47.0375223],[82.9671405,47.0372938],[82.9670623,47.0371424],[82.966914,47.0369217],[82.9669043,47.0367816],[82.9669182,47.0366511],[82.9668942,47.0364321],[82.9668585,47.0363226],[82.9668727,47.0360904],[82.9667778,47.0359069],[82.9667302,47.0357411],[82.9666541,47.0354995],[82.9664686,47.0353633],[82.9662981,47.035138],[82.9661444,47.0350882],[82.966144,47.0348933],[82.965995,47.0348354],[82.9657825,47.0346626],[82.9656414,47.0344514],[82.9655839,47.0343035],[82.9655001,47.034172],[82.9654261,47.03412],[82.9651274,47.0339082],[82.9647002,47.0337606],[82.9642585,47.0334944],[82.964102,47.0334148],[82.9639706,47.0332881],[82.9637056,47.0331518],[82.9634147,47.0331797],[82.963281,47.0331262],[82.9631692,47.0329704],[82.9628565,47.0328277],[82.9627203,47.0326945],[82.9624073,47.0324022],[82.9619379,47.0319704],[82.9615846,47.0317772],[82.9616555,47.0316988],[82.9615025,47.0314681],[82.9615676,47.0310549],[82.9613762,47.0307234],[82.9611988,47.0305452],[82.9608169,47.0303667],[82.9608142,47.0301863],[82.9606699,47.0298473],[82.9604601,47.0298458],[82.9603405,47.0296752],[82.9601852,47.0295323],[82.9602995,47.0294315],[82.9602302,47.0293616],[82.9601655,47.0291617],[82.9600079,47.0289974],[82.9596522,47.0288059],[82.9596353,47.0287068],[82.9595274,47.0283834],[82.9593237,47.0281751],[82.9592638,47.0280467],[82.9592492,47.0278825],[82.9590415,47.0277315],[82.9589126,47.0276878],[82.9588574,47.0274911],[82.9586952,47.0275944],[82.9585088,47.0273556],[82.9586849,47.0271556],[82.9585394,47.0271427],[82.9584223,47.0269997],[82.9581408,47.0269772],[82.9581831,47.0267796],[82.9580588,47.0266496],[82.9580395,47.0264871],[82.957958,47.0262596],[82.9578955,47.0259784],[82.9579802,47.0258431],[82.95751,47.0256143],[82.9573045,47.0253934],[82.9571874,47.0252521],[82.9569724,47.0250442],[82.9567314,47.0249446],[82.9567503,47.0247999],[82.9566548,47.0247431],[82.9564423,47.0246213],[82.9562918,47.0244232],[82.9563607,47.0242979],[82.9561173,47.0242136],[82.9559884,47.0242466],[82.9560191,47.0240954],[82.9556683,47.0239315],[82.9557157,47.0237722],[82.955408,47.0237123],[82.9553171,47.0235739],[82.9551974,47.0233382],[82.9549993,47.0231824],[82.9545303,47.0230218],[82.9539771,47.0228263],[82.9536144,47.0227047],[82.9533065,47.0225343],[82.9532459,47.0223523],[82.9530905,47.0220972],[82.9529329,47.0219982],[82.95242,47.0218555],[82.9523201,47.0216149],[82.9522961,47.0215011],[82.9521433,47.021394],[82.9519713,47.0212153],[82.951835,47.0210025],[82.9517906,47.0207339],[82.9518738,47.0205827],[82.9519427,47.0204542],[82.9518327,47.0202934],[82.9514915,47.020015],[82.951122,47.0200088],[82.9508859,47.0199732],[82.9506043,47.019845],[82.9503875,47.0199378],[82.9501898,47.0200502],[82.9501486,47.0198063],[82.9500601,47.0196275],[82.9496333,47.0196083],[82.9490846,47.0194202],[82.9488046,47.0195606],[82.948473,47.0194162],[82.94828,47.0195025],[82.9478983,47.0193874],[82.947629,47.0194412],[82.9473109,47.0194088],[82.9468198,47.0194059],[82.9465721,47.0195865],[82.9463239,47.0194241],[82.9460325,47.0191808],[82.9455895,47.0190131],[82.9451133,47.0189122],[82.9447577,47.0186978],[82.9441258,47.0186495],[82.9437278,47.0185785],[82.9434089,47.0186198],[82.9432944,47.0185532],[82.9430514,47.0186704],[82.9427364,47.0184886],[82.9425598,47.0184172],[82.9422091,47.0182825],[82.9419838,47.0180575],[82.9415064,47.0177409],[82.9411996,47.0175841],[82.9403695,47.0173427],[82.9400072,47.0171152],[82.9397495,47.0169853],[82.939155,47.0167468],[82.9387665,47.0166815],[82.9380671,47.0160963],[82.9379489,47.0133699],[82.9379134,47.0099628],[82.9356168,47.0077665],[82.9372046,47.0056914],[82.935898,47.0032414],[82.9349598,47.0013113],[82.9330279,46.9990495],[82.9323785,46.9971172],[82.9306052,46.994579],[82.9298832,46.9911493],[82.9303926,46.9880674],[82.9320884,46.985388],[82.931695,46.9826792],[82.932533,46.9806394],[82.93097,46.97831],[82.9310453,46.9759962],[82.931317,46.9734414],[82.9322453,46.971344],[82.9297466,46.9682053],[82.9268303,46.9658583],[82.9256654,46.9638749],[82.9249581,46.961525],[82.9244718,46.958713],[82.9230975,46.9561596],[82.9215103,46.9526775],[82.9213141,46.9496272],[82.9211338,46.9463705],[82.9207966,46.9438652],[82.9221517,46.9409006],[82.8903006,46.8799071],[82.7933298,46.7005295],[82.7263235,46.4955011],[82.6904085,46.4360443],[82.608009,46.2984008],[82.4810762,46.0598832],[82.3369795,45.929166],[82.3299547,45.8869463],[82.3438012,45.82477],[82.3103158,45.7379569],[82.2845576,45.6612567],[82.2623205,45.5966238],[82.2799588,45.5351376],[82.0266637,45.8500171],[81.5841591,46.4952037],[81.4951766,46.4948534],[81.3994753,46.4341958],[81.421448,46.5237395],[81.355015,46.4570242],[81.3050387,46.5147887],[80.5910307,46.6670012],[80.0106774,46.913414],[78.6915745,47.0553733],[78.3301511,47.2280809],[78.0957011,47.1896993],[77.7297856,47.1751861],[77.1256858,47.0787592],[76.7792421,47.2409795]]]}},{"type":"Feature","properties":{"name":"Жетысу","region":"Жетысу","id_reg":33},"geometry":{"type":"Polygon","coordinates":[[[76.2252178,46.6385096],[76.527229,46.6189222],[76.8199996,46.6710807],[77.1068789,46.5459988],[77.5280154,47.1945228],[77.971375,47.2287824],[78.269547,47.2627648],[78.5643669,47.1411287],[79.4703629,46.7903588],[80.2371508,46.7837624],[81.2833464,46.5094165],[81.3395199,46.4525377],[81.4018786,46.506965],[81.4026082,46.4803898],[81.4695132,46.4937307],[81.5795293,46.5010177],[81.9617104,45.9117856],[82.1540449,45.5617805],[82.5584558,45.3944282],[82.582292,45.2196808],[82.5245494,45.1925099],[82.4722453,45.1773357],[82.4689032,45.1796207],[82.4628292,45.1821901],[82.4592541,45.1848965],[82.4558148,45.1873406],[82.4500283,45.1862492],[82.4474099,45.1861549],[82.4419672,45.1867907],[82.437316,45.1871722],[82.4309055,45.1875779],[82.4280312,45.1877449],[82.4237538,45.1893039],[82.419122,45.1910212],[82.4149579,45.1923939],[82.4107932,45.1920219],[82.406711,45.1931891],[82.4022298,45.1925686],[82.3976961,45.1929602],[82.3945622,45.1946761],[82.390151,45.1951471],[82.3863902,45.197647],[82.3815654,45.1996658],[82.3774005,45.2007682],[82.3739745,45.2016622],[82.3668321,45.2022172],[82.3608284,45.2019331],[82.3556951,45.2033235],[82.3495328,45.2059422],[82.3457525,45.2074088],[82.336815,45.2078765],[82.3341178,45.2116129],[82.3060512,45.2345857],[82.2807312,45.2430621],[82.2661596,45.2398227],[82.2559261,45.2340719],[82.2451329,45.2356736],[82.2404171,45.2331763],[82.2317648,45.2348274],[82.2129249,45.2326817],[82.1888923,45.2295989],[82.1733264,45.2224606],[82.1643814,45.2222516],[82.1552231,45.2225097],[82.1445541,45.2181868],[82.1336009,45.2138341],[82.1218988,45.2078166],[82.1153343,45.2029645],[82.1073188,45.2023937],[82.0985252,45.2055905],[82.091546,45.2143252],[82.0820202,45.2284945],[82.0832762,45.2357366],[82.0880705,45.2415219],[82.0886796,45.245509],[82.082744,45.2459154],[82.0755706,45.2468077],[82.0697091,45.2492768],[82.0591245,45.2477362],[82.047094,45.2526776],[82.0382829,45.2455443],[82.0292101,45.2409519],[82.0244365,45.2397997],[82.0163458,45.2378264],[82.0122446,45.2350923],[82.0069198,45.2340884],[81.9994773,45.2332834],[81.994414,45.2324869],[81.9902157,45.2344789],[81.9803826,45.2378996],[81.9648202,45.2343457],[81.9592115,45.2355058],[81.9520108,45.2346058],[81.9430488,45.2361873],[81.9278269,45.2307043],[81.9185134,45.2323255],[81.9091239,45.2437621],[81.8987559,45.2582701],[81.8849145,45.278627],[81.8598413,45.2934974],[81.844092,45.3041088],[81.8346521,45.3131416],[81.8309482,45.3234455],[81.8275873,45.3323028],[81.8220876,45.3364336],[81.8173935,45.342953],[81.8121892,45.3487406],[81.8077182,45.3594734],[81.7740726,45.3860937],[81.7651146,45.3747688],[81.7585553,45.3721713],[81.75091,45.3745769],[81.7391927,45.3730944],[81.7323036,45.3747412],[81.7322694,45.3682873],[81.7315287,45.364375],[81.7213938,45.3627666],[81.7114888,45.358669],[81.7033247,45.3623763],[81.7005693,45.3659425],[81.6975068,45.3675844],[81.694392,45.3688987],[81.6841761,45.3642041],[81.6777164,45.357925],[81.6629249,45.3507729],[81.6513322,45.3507233],[81.6341219,45.3560754],[81.6205994,45.3517068],[81.6100863,45.341827],[81.5920959,45.3405491],[81.5857217,45.3318377],[81.5739747,45.3268165],[81.5678059,45.3194357],[81.5742665,45.308817],[81.5572304,45.3049662],[81.5364468,45.3054474],[81.5297721,45.2949765],[81.5206704,45.2820128],[81.505361,45.2814174],[81.493578,45.2753858],[81.4891706,45.2751339],[81.4867558,45.274466],[81.4849733,45.2738137],[81.4816268,45.274002],[81.4774698,45.2752355],[81.4722331,45.271418],[81.4605557,45.2644887],[81.4529594,45.2628213],[81.447699,45.2628857],[81.4404816,45.2664868],[81.4368571,45.2692317],[81.4355143,45.2725858],[81.4379526,45.2769235],[81.4342757,45.2795879],[81.4270529,45.2794665],[81.4238998,45.2822621],[81.4195418,45.2829225],[81.4134926,45.2803111],[81.4069317,45.2802983],[81.4016494,45.2767568],[81.3972989,45.2740655],[81.3908166,45.2713429],[81.3879366,45.2679581],[81.3821477,45.2642455],[81.3808227,45.2598889],[81.3791952,45.2570614],[81.3748455,45.252892],[81.3695998,45.2544052],[81.3651022,45.2585703],[81.360842,45.2604846],[81.3565747,45.2593196],[81.3517534,45.2609803],[81.3459867,45.2588319],[81.3391281,45.2583006],[81.3315852,45.2562677],[81.326991,45.2569262],[81.3198968,45.2550916],[81.3134475,45.2541146],[81.3071065,45.2540854],[81.3074301,45.250709],[81.3071862,45.2478379],[81.30405,45.2464696],[81.3006857,45.2471956],[81.2979218,45.2478681],[81.2914715,45.2450299],[81.2883732,45.2423744],[81.2819281,45.2394046],[81.2741958,45.2388173],[81.2691761,45.2367339],[81.2638529,45.236967],[81.2576574,45.2371433],[81.254108,45.2382005],[81.2506752,45.2404258],[81.2487584,45.241028],[81.2454779,45.2407024],[81.2426016,45.2400707],[81.2404576,45.240432],[81.2366043,45.2413796],[81.233266,45.2436645],[81.2301501,45.2459468],[81.227736,45.2479607],[81.2234803,45.2460951],[81.2217313,45.2414013],[81.2215568,45.2375784],[81.2174449,45.236006],[81.2136915,45.2347562],[81.209677,45.2345954],[81.207797,45.2359422],[81.2058276,45.2366789],[81.2029558,45.2367294],[81.1968036,45.2347976],[81.1909049,45.2326164],[81.1874894,45.232482],[81.1833159,45.2284609],[81.1796877,45.2264604],[81.173914,45.2257792],[81.1702,45.2255015],[81.1665431,45.2243024],[81.1678337,45.2191876],[81.1700339,45.2143562],[81.169309,45.2123621],[81.167541,45.2105586],[81.1652953,45.2089275],[81.1623042,45.2065634],[81.1609983,45.205754],[81.1582194,45.2055027],[81.1536675,45.2059844],[81.1496175,45.2083286],[81.1454739,45.2093451],[81.1411694,45.2102912],[81.1374612,45.2098901],[81.1359843,45.2125174],[81.1340982,45.2143034],[81.1335219,45.2174149],[81.1311001,45.2181704],[81.1281191,45.2175635],[81.1251294,45.2167153],[81.1230025,45.2156781],[81.1208158,45.2157774],[81.1161397,45.2161451],[81.1114144,45.2173165],[81.1086133,45.2196693],[81.1025242,45.2187206],[81.1006768,45.2152077],[81.1025505,45.2114258],[81.1066353,45.2084972],[81.1085746,45.202009],[81.1061767,45.1992342],[81.1016415,45.1996305],[81.0966991,45.1976524],[81.0941964,45.1964105],[81.0904825,45.196111],[81.0835144,45.1945525],[81.0794872,45.1887794],[81.0754434,45.1848335],[81.0747808,45.1801364],[81.0724225,45.1745267],[81.0634321,45.1728878],[81.0593377,45.1755538],[81.0484992,45.1733984],[81.0368316,45.1672814],[81.0254222,45.1641392],[81.0164334,45.1644433],[81.0095059,45.1619745],[80.9976013,45.1588664],[80.9903506,45.1601358],[80.9819039,45.1614816],[80.9756419,45.1629447],[80.9637021,45.1670857],[80.9518318,45.1607056],[80.9450137,45.161122],[80.934527,45.158292],[80.926775,45.1540731],[80.9230098,45.1490443],[80.9214176,45.1452963],[80.9130075,45.141509],[80.9099861,45.1380214],[80.8997801,45.1290448],[80.895712,45.1245557],[80.8871517,45.1258466],[80.8782268,45.1307713],[80.865458,45.1273072],[80.856742,45.1257546],[80.8476077,45.1292943],[80.8414943,45.1336468],[80.8385124,45.1363968],[80.8334681,45.1404854],[80.8300693,45.1410331],[80.8270923,45.1415178],[80.823484,45.1425025],[80.8153568,45.1439004],[80.8101439,45.1455086],[80.8045301,45.1466519],[80.7965881,45.1496116],[80.7916436,45.1493126],[80.783026,45.146918],[80.7770625,45.1434094],[80.7701663,45.1456174],[80.7622169,45.1519498],[80.7549171,45.1542751],[80.7502533,45.1569948],[80.7446077,45.1592722],[80.7183981,45.1586495],[80.7256351,45.1521555],[80.722905,45.1498586],[80.7185163,45.1472829],[80.7104681,45.1457093],[80.7056102,45.1439082],[80.7030788,45.1412779],[80.6986374,45.1345362],[80.6953338,45.1326611],[80.6912874,45.1333803],[80.6864282,45.1341403],[80.6810493,45.1328817],[80.6781071,45.1305719],[80.6763851,45.1280526],[80.6697378,45.1262998],[80.6639853,45.1243569],[80.6569452,45.1223817],[80.6530451,45.1212595],[80.646962,45.1213914],[80.6427717,45.1204782],[80.6375329,45.116512],[80.6321839,45.1147895],[80.6270309,45.1174629],[80.6233684,45.1172355],[80.619434,45.1147096],[80.6181475,45.1114969],[80.6136769,45.1082197],[80.606077,45.1087413],[80.6016661,45.1055691],[80.5955962,45.1047939],[80.5891488,45.1055276],[80.5812456,45.1061196],[80.5770548,45.1091748],[80.568528,45.1109865],[80.5602307,45.1118926],[80.5460444,45.1106619],[80.5389277,45.1098006],[80.5250296,45.106658],[80.5092386,45.1066319],[80.5079108,45.1095153],[80.5039961,45.1118348],[80.4971471,45.1174036],[80.4942554,45.1213946],[80.4911874,45.1249988],[80.4851786,45.1242222],[80.4810037,45.1193984],[80.4773591,45.1141544],[80.471852,45.1131279],[80.4666304,45.1122575],[80.4608429,45.1108296],[80.458039,45.1084129],[80.4519439,45.1054842],[80.4485241,45.1042768],[80.4416417,45.0989243],[80.4374913,45.0954719],[80.4416839,45.0904333],[80.4432586,45.0868832],[80.4397742,45.0774077],[80.4343692,45.0736035],[80.4285496,45.068714],[80.4224127,45.0635373],[80.4188044,45.0617254],[80.414041,45.0598276],[80.405969,45.0534665],[80.4002782,45.0472741],[80.3905451,45.0447425],[80.3829533,45.0413427],[80.3786819,45.0412571],[80.3687632,45.0423854],[80.3609968,45.0400182],[80.3501709,45.0401549],[80.3427478,45.0431851],[80.3342532,45.0529978],[80.331195,45.0545245],[80.3287874,45.0591344],[80.3285261,45.0652724],[80.3271315,45.0684316],[80.3191195,45.0700223],[80.3135015,45.0678595],[80.3085099,45.067015],[80.2981753,45.0657883],[80.2933957,45.0664999],[80.2867666,45.0620208],[80.2842702,45.06041],[80.2719813,45.0562671],[80.2619519,45.0541607],[80.257586,45.0460987],[80.2551485,45.0411025],[80.2494625,45.0367085],[80.2471785,45.0339593],[80.2431689,45.0301322],[80.2371674,45.028408],[80.2325002,45.033194],[80.2277643,45.0313464],[80.2240003,45.0285495],[80.2135273,45.0232524],[80.2068858,45.0271862],[80.2022816,45.0298693],[80.1940579,45.0274712],[80.1899285,45.0297816],[80.1839248,45.0374942],[80.1804636,45.041817],[80.1719347,45.0389792],[80.1649362,45.0407403],[80.1600906,45.044144],[80.1561954,45.0474786],[80.1524114,45.0524312],[80.1482321,45.053519],[80.1391562,45.0572408],[80.1385714,45.0523101],[80.1310608,45.0459483],[80.1276372,45.039162],[80.120093,45.0405421],[80.1162639,45.0440853],[80.1132315,45.0480481],[80.106085,45.0455541],[80.1001732,45.0467406],[80.0933989,45.0477609],[80.0891975,45.0443171],[80.090543,45.0390876],[80.0893326,45.0356877],[80.0812339,45.0351394],[80.0579309,45.0241296],[80.0559684,45.0134805],[80.0528751,45.0099587],[80.0512696,45.0059361],[80.0470451,45.0021156],[80.0437164,45.0022789],[80.0394591,45.0031354],[80.0345554,45.0005131],[80.0328565,44.9964396],[80.0292422,44.994617],[80.0229952,44.9920139],[80.0179322,44.9876139],[80.0129948,44.9801858],[79.9876624,44.974045],[79.9841195,44.9672106],[79.9741104,44.9628584],[79.9642415,44.9636396],[79.9532194,44.9535678],[79.9438667,44.9495382],[79.9472201,44.943313],[79.9363032,44.9341543],[79.9216319,44.9305436],[79.9026188,44.9254179],[79.8982666,44.9214811],[79.8912054,44.9184347],[79.8837208,44.9123305],[79.8858151,44.9071191],[79.8872414,44.8974817],[79.8947015,44.8957195],[79.907346,44.900844],[79.917052,44.8973002],[79.9301058,44.8907731],[79.9389849,44.8859864],[79.9472952,44.8835172],[79.9545798,44.8821012],[79.9634565,44.8802209],[79.9598089,44.8752983],[79.9460661,44.8662514],[79.9461554,44.8597903],[79.9453776,44.8538759],[79.9492615,44.8486173],[79.9571902,44.845384],[79.9694925,44.8375667],[79.9795515,44.8310721],[79.9848517,44.828538],[79.9897655,44.824103],[79.9957335,44.8216128],[79.9988322,44.8152188],[79.9971433,44.8034058],[79.9943785,44.7939915],[80.0063062,44.790187],[80.0185245,44.7928076],[80.0189628,44.7970421],[80.025389,44.8018653],[80.0374911,44.8026155],[80.0505902,44.8015804],[80.062057,44.8080949],[80.0758678,44.8113369],[80.0874476,44.812571],[80.100973,44.811731],[80.1127095,44.8093863],[80.124762,44.8170157],[80.1385315,44.8250516],[80.1499408,44.8326014],[80.1554931,44.8411128],[80.1664975,44.8338876],[80.1781367,44.8018141],[80.1754619,44.7908847],[80.1755618,44.7854878],[80.1781262,44.7818522],[80.1829995,44.7786162],[80.1854514,44.775216],[80.1884977,44.770874],[80.1928335,44.7657779],[80.195457,44.7562964],[80.1928071,44.7496961],[80.1974795,44.746448],[80.2008658,44.7430981],[80.2059826,44.7413564],[80.2133083,44.7349395],[80.2210104,44.7295243],[80.2282463,44.7258163],[80.2327727,44.7234058],[80.241709,44.7215219],[80.2482773,44.7199107],[80.2573827,44.7191614],[80.2638526,44.7167777],[80.2702691,44.7158997],[80.2795567,44.7119643],[80.2892397,44.7088662],[80.3121143,44.7038306],[80.3172701,44.7003611],[80.3362661,44.6897232],[80.3409483,44.6838122],[80.3482364,44.6711343],[80.3599137,44.658291],[80.3701436,44.6524421],[80.3744475,44.6486502],[80.3752491,44.6459459],[80.3795082,44.6425879],[80.383181,44.6391252],[80.3849739,44.6350635],[80.3898095,44.6327647],[80.3965577,44.6289844],[80.3989458,44.6236188],[80.4025913,44.6190151],[80.4074338,44.6115937],[80.4048967,44.6001179],[80.396235,44.5939931],[80.3936603,44.5851447],[80.3930963,44.5783445],[80.3932825,44.5679976],[80.3849462,44.5612031],[80.3825958,44.5548358],[80.3785847,44.5465291],[80.3771514,44.5413627],[80.3758699,44.5356811],[80.3709015,44.5294452],[80.3682155,44.524583],[80.3699802,44.5185539],[80.3708382,44.5123697],[80.3678035,44.5068356],[80.3651329,44.5016873],[80.3632684,44.4981411],[80.3582331,44.4928903],[80.3508063,44.4863279],[80.3472927,44.4800793],[80.3492816,44.4748713],[80.3507282,44.4662998],[80.3523125,44.4586759],[80.3583585,44.4486686],[80.3659765,44.4419992],[80.3676662,44.4325692],[80.3722472,44.4221087],[80.3753953,44.4134585],[80.378339,44.3992363],[80.3801044,44.3862533],[80.3846119,44.3749608],[80.3851901,44.3664995],[80.386186,44.3516834],[80.3873706,44.3415833],[80.3901601,44.3322444],[80.3905892,44.3226584],[80.3921878,44.3124029],[80.3971016,44.3049174],[80.4013288,44.2954575],[80.4043221,44.2400186],[80.4007333,44.2137061],[80.399344,44.1659444],[80.395385,44.117655],[80.4454599,44.0672431],[80.4452867,44.064708],[80.4471261,44.0610627],[80.4469427,44.0562162],[80.4483282,44.0575301],[80.4507739,44.0557343],[80.4509318,44.0520697],[80.4486195,44.0501665],[80.4522583,44.04991],[80.4511713,44.048707],[80.4534859,44.0469809],[80.4534479,44.0439578],[80.4509872,44.0430511],[80.4505053,44.0414923],[80.4499984,44.040449],[80.4525411,44.0397538],[80.4518402,44.0381602],[80.4492262,44.0362733],[80.4489343,44.0334573],[80.4537348,44.0334596],[80.4553456,44.0347221],[80.4554457,44.0326129],[80.4532484,44.0303305],[80.4572603,44.0309893],[80.45759,44.0282776],[80.4548413,44.0280761],[80.4517685,44.0270194],[80.4535763,44.026343],[80.4542669,44.0248309],[80.4542203,44.0226792],[80.4541769,44.0217113],[80.4517735,44.0231903],[80.4508323,44.0213668],[80.454874,44.0196494],[80.4515829,44.0178325],[80.4511663,44.0192766],[80.4504859,44.0169729],[80.4492105,44.015081],[80.4517009,44.0143738],[80.4523784,44.0119207],[80.4484114,44.0120143],[80.4480153,44.0099242],[80.4475915,44.0082497],[80.4502442,44.0072495],[80.449627,44.0050745],[80.4518029,44.0035979],[80.4493649,44.0031232],[80.4506687,44.0012337],[80.4517531,44.0005211],[80.4531231,43.9993403],[80.4509008,43.9974629],[80.4514935,43.9958719],[80.4521877,43.9947068],[80.4536,43.9937032],[80.4517983,43.9915653],[80.4504065,43.9908022],[80.4511911,43.9887003],[80.4543215,43.9891733],[80.4551666,43.9867208],[80.4535604,43.9853715],[80.4544716,43.9839364],[80.4566809,43.9821069],[80.4574488,43.9809446],[80.4569065,43.9799991],[80.4570031,43.9788695],[80.459558,43.9778977],[80.461698,43.9768994],[80.4562377,43.9752239],[80.4576497,43.9741747],[80.4595185,43.9745688],[80.4631378,43.973832],[80.462717,43.9723152],[80.463475,43.9718336],[80.4658761,43.970421],[80.4650783,43.9685976],[80.4677101,43.9689168],[80.4705203,43.9691634],[80.4733712,43.9672946],[80.4754871,43.9649269],[80.4757565,43.963626],[80.473618,43.9626211],[80.4750242,43.9602993],[80.4781026,43.9614907],[80.4789026,43.9593657],[80.478173,43.9581483],[80.4802934,43.9571217],[80.4813328,43.95617],[80.4830678,43.9562207],[80.482165,43.9543775],[80.4788503,43.9548215],[80.4808699,43.9528794],[80.4786401,43.9531965],[80.4781977,43.9514421],[80.4776256,43.9495657],[80.4778561,43.9483917],[80.4770551,43.9472666],[80.4758642,43.9460947],[80.4734562,43.9458673],[80.4764249,43.944332],[80.4754156,43.9422896],[80.4735886,43.9416146],[80.4744755,43.9401227],[80.472508,43.9396582],[80.4733589,43.9376527],[80.4729717,43.93614],[80.4752175,43.9353991],[80.4758929,43.9341767],[80.4779258,43.9308864],[80.4823201,43.9299864],[80.4841574,43.929001],[80.4835446,43.9267926],[80.4857904,43.9252899],[80.4884767,43.9258299],[80.4888217,43.9230116],[80.4896685,43.9212599],[80.4878728,43.9201144],[80.4886526,43.9186536],[80.491014,43.9176056],[80.4906874,43.9150423],[80.4937429,43.9146203],[80.495233,43.9151971],[80.4973689,43.9141297],[80.499958,43.9113467],[80.5018338,43.9105727],[80.5031573,43.9088467],[80.5048089,43.907592],[80.505667,43.9064919],[80.5071916,43.9070087],[80.5088173,43.9058373],[80.509723,43.9038739],[80.5091491,43.9022185],[80.5087323,43.8999564],[80.5101914,43.8982187],[80.5113284,43.8951472],[80.5115727,43.8923617],[80.5098436,43.8898167],[80.5091014,43.8886994],[80.5114922,43.8866717],[80.5118194,43.8838096],[80.5127315,43.8819509],[80.5117173,43.8805203],[80.5110654,43.8800937],[80.5080558,43.8806527],[80.5073067,43.879055],[80.5101463,43.8792051],[80.5084405,43.877916],[80.5058709,43.877278],[80.5083805,43.8757527],[80.5072043,43.8742459],[80.5044828,43.8747965],[80.5069077,43.8728893],[80.5073498,43.8725808],[80.5091289,43.8729278],[80.5095028,43.871785],[80.510286,43.8698306],[80.5080243,43.8712118],[80.5068114,43.8699804],[80.5071529,43.8690127],[80.5085912,43.8679956],[80.5102741,43.8692597],[80.5113537,43.8680376],[80.512315,43.8671054],[80.5110075,43.8658073],[80.5091941,43.8659546],[80.5109602,43.8642659],[80.5134307,43.8659499],[80.5145443,43.8639908],[80.5167017,43.8645574],[80.5175683,43.8617378],[80.5192839,43.8610071],[80.5155118,43.859849],[80.5167546,43.8589011],[80.5170165,43.8581766],[80.521051,43.857787],[80.5201802,43.8558231],[80.5195108,43.8543302],[80.5213732,43.8527486],[80.5218147,43.8502605],[80.5213043,43.8483252],[80.5209898,43.8456224],[80.5223204,43.8445528],[80.521872,43.8436225],[80.5213093,43.8423535],[80.5207257,43.8406073],[80.5224872,43.8380884],[80.5211041,43.8364416],[80.5248392,43.834759],[80.5239594,43.832561],[80.5217875,43.8297963],[80.5230584,43.8272666],[80.5222964,43.8232343],[80.5086545,43.8100168],[80.4934218,43.7941614],[80.4790851,43.7831681],[80.4621837,43.7969609],[80.4386908,43.8000132],[80.4143688,43.7862664],[80.3503391,43.7769711],[80.3220492,43.7771639],[80.2893993,43.7746161],[80.2456901,43.7597711],[80.2280468,43.7649039],[80.1963588,43.7603601],[80.1575634,43.7949406],[80.0962802,43.7862664],[80.0531932,43.7971709],[80.0101062,43.8153821],[79.9857303,43.8011358],[79.9148342,43.7995251],[79.8803302,43.8234329],[79.8202488,43.8613189],[79.7404262,43.8937381],[79.7268867,43.9184497],[79.671011,43.9373655],[79.6134186,43.962083],[79.5819187,43.9723377],[79.5566845,43.9771556],[79.5009396,43.9526643],[79.4304726,43.9368437],[79.3938229,43.9166294],[79.2959759,43.9024072],[79.2534897,43.862072],[79.2055527,43.8590334],[79.1431538,43.8313012],[79.0796705,43.8423923],[79.0449078,43.8327156],[79.0025632,43.8540822],[78.9484898,43.8477688],[78.8740322,43.8491367],[78.8217613,43.8390464],[78.7875149,43.8459798],[78.7608215,43.8480844],[78.6892388,43.8340935],[78.6435259,43.8280442],[78.6021217,43.8305998],[78.5269329,43.8484558],[78.4889396,43.8502415],[78.469825,43.8573355],[78.4564113,43.8573422],[78.4327139,43.8620199],[78.4101404,43.8680843],[78.3862467,43.8769522],[78.3406825,43.8837523],[78.0992289,43.870581],[77.9066559,43.8750536],[77.8237703,43.9859765],[77.6097438,44.0604218],[77.3527694,44.1613256],[77.3729592,44.3011033],[77.328351,44.3437668],[77.175132,44.3910744],[76.9142638,44.6607067],[76.56837,45.0347777],[76.1962474,45.7316851],[76.2252178,46.6385096]]]}},{"type":"Feature","properties":{"name":"г.Алматы","region":"г.Алматы","id_reg":75},"geometry":{"type":"MultiPolygon","coordinates":[[[[76.7421443,43.3151562],[76.7665643,43.3152433],[76.7824927,43.3200048],[76.7836642,43.3232067],[76.7842975,43.3250001],[76.7892054,43.3279432],[76.8009776,43.329776],[76.8039367,43.3388182],[76.8050999,43.3403176],[76.8058934,43.3437912],[76.8061514,43.345766],[76.8074632,43.3461288],[76.8118979,43.3494469],[76.8115727,43.3521218],[76.8120288,43.3543825],[76.8170151,43.354222],[76.8255087,43.3527976],[76.8315902,43.3530211],[76.8373794,43.353937],[76.8419738,43.3542647],[76.8482262,43.3542018],[76.8495156,43.3525545],[76.8506248,43.3475713],[76.8540155,43.344595],[76.8538201,43.3402415],[76.8519343,43.3349497],[76.8721909,43.3472368],[76.8754171,43.3460808],[76.8756172,43.3456346],[76.8756442,43.3450804],[76.8763056,43.3444825],[76.8767564,43.3441237],[76.8769179,43.3437351],[76.8776931,43.3438436],[76.8782396,43.3438712],[76.8791157,43.3434072],[76.879138,43.3427714],[76.8796975,43.3424529],[76.8795704,43.3420757],[76.8788612,43.34195],[76.8793071,43.3411155],[76.8782344,43.3405235],[76.8783651,43.3395949],[76.8797875,43.339373],[76.8806287,43.3388239],[76.88009,43.3374346],[76.8805502,43.3361638],[76.8789072,43.3361977],[76.8785769,43.3354404],[76.879335,43.3350916],[76.8804675,43.3344405],[76.8801403,43.3345242],[76.8795893,43.3347267],[76.8786444,43.3347765],[76.8795043,43.3328321],[76.8789044,43.333128],[76.8767577,43.3323327],[76.8779384,43.3306502],[76.877613,43.329696],[76.8761996,43.3301324],[76.8839941,43.3331091],[76.8899043,43.3395156],[76.8913122,43.340899],[76.891534,43.3415668],[76.8914539,43.3425258],[76.8919777,43.3429381],[76.8921009,43.3436686],[76.8928157,43.3443587],[76.8947383,43.3448606],[76.8959584,43.3452863],[76.8965561,43.3458061],[76.8978501,43.3462453],[76.898756,43.34668],[76.8995077,43.3472132],[76.9031811,43.3492256],[76.9054921,43.3513541],[76.9095881,43.3520962],[76.9169417,43.358514],[76.9186402,43.3615118],[76.9210438,43.36319],[76.9228475,43.3665058],[76.9244942,43.368163],[76.9278875,43.3714401],[76.9308559,43.3772931],[76.937868,43.3801126],[76.9559412,43.3788895],[76.9638817,43.3800919],[76.9643078,43.3807257],[76.9653531,43.3811026],[76.9661506,43.3822898],[76.9674824,43.3841496],[76.9713071,43.3845519],[76.9716366,43.3852474],[76.9743952,43.3877631],[76.9755212,43.3874025],[76.9769551,43.3884728],[76.9776048,43.3891562],[76.9785368,43.3896651],[76.9802341,43.3905432],[76.9802062,43.3920614],[76.9799024,43.3938392],[76.980783,43.3956101],[76.9810176,43.3962793],[76.9812153,43.398021],[76.9819963,43.3990625],[76.9838632,43.4005621],[76.9853952,43.4027543],[76.986163,43.4037465],[76.9875749,43.4028109],[76.9984798,43.3979726],[77.0035418,43.3942644],[77.006556,43.3901851],[77.0130245,43.3822469],[77.0121091,43.3759866],[77.0128818,43.3690579],[77.0202464,43.3619772],[77.0839782,43.3753789],[77.1026501,43.3828669],[77.0747698,43.3694047],[77.0342321,43.347985],[77.0392819,43.3399349],[77.0336386,43.3292405],[77.026289,43.3193498],[77.0401159,43.3105618],[77.0182184,43.2974425],[77.0163217,43.2922582],[77.0105367,43.2873078],[77.0124378,43.2831585],[77.0143318,43.2821007],[77.0137624,43.2767343],[77.0139788,43.2654621],[77.0064044,43.2665562],[77.0103163,43.2607015],[77.0167799,43.2596142],[77.0303538,43.2476563],[77.0363378,43.2428283],[77.0403506,43.2347015],[77.0515254,43.2263024],[77.0867043,43.1882435],[77.1116059,43.1801287],[77.1196546,43.2040738],[77.1222172,43.1668396],[77.1073909,43.1532758],[77.1031834,43.1565345],[77.099769,43.157864],[77.0978759,43.1581727],[77.0954593,43.1591189],[77.0913751,43.1604392],[77.0880284,43.1605483],[77.0863621,43.1594714],[77.0835365,43.1587842],[77.0782759,43.1618073],[77.0697813,43.1650224],[77.064457,43.1536067],[77.0712457,43.1389168],[77.0823098,43.1305041],[77.0971696,43.1242839],[77.1212456,43.1174324],[77.1002414,43.1141453],[77.0806368,43.1152806],[77.0299106,43.0431435],[76.9854746,43.0433658],[76.9533997,43.0413167],[76.9432037,43.0488393],[76.9665803,43.0736767],[76.9053525,43.0801478],[76.8988626,43.1136098],[76.8655097,43.1326253],[76.8547871,43.1315989],[76.8405023,43.1237456],[76.8340224,43.1327019],[76.80874,43.144536],[76.7997353,43.1469114],[76.7990602,43.1477896],[76.7986326,43.148958],[76.7988418,43.1504237],[76.7987214,43.1516215],[76.798859,43.1527268],[76.7984951,43.1542496],[76.791654,43.1563589],[76.7754972,43.1616933],[76.7819552,43.1617715],[76.7838325,43.1623609],[76.7861698,43.162796],[76.7876292,43.1628633],[76.7856001,43.1643186],[76.7901314,43.167257],[76.7924933,43.1697073],[76.7919904,43.1751038],[76.7918641,43.1778806],[76.7918384,43.1803944],[76.7906997,43.1849233],[76.7913358,43.1863206],[76.7913283,43.1897858],[76.7900051,43.19542],[76.7876304,43.1972322],[76.7852558,43.1964284],[76.7808058,43.201335],[76.7786456,43.1997841],[76.7763513,43.2060859],[76.7730439,43.2128651],[76.7720361,43.216154],[76.7789886,43.2180039],[76.7728263,43.2229751],[76.7709242,43.2274424],[76.7713199,43.2304201],[76.7860199,43.2321647],[76.7819505,43.238368],[76.779161,43.2425377],[76.7731239,43.2485255],[76.7766767,43.2498378],[76.7858399,43.2513722],[76.7931395,43.2508555],[76.7893582,43.2596391],[76.7891709,43.2635692],[76.7873261,43.2653931],[76.7870859,43.266748],[76.7975144,43.2717519],[76.7978456,43.2824305],[76.796236,43.286681],[76.7926472,43.2878743],[76.7908146,43.2848087],[76.7819732,43.2885949],[76.7581432,43.2952169],[76.7544956,43.3044336],[76.7399881,43.3116878],[76.7421443,43.3151562]]],[[[77.1333506,43.3655509],[77.1416986,43.3652431],[77.1496474,43.3607941],[77.1616321,43.356477],[77.1633981,43.354318],[77.1642522,43.3537744],[77.1647252,43.3525647],[77.1652667,43.3515607],[77.166431,43.3464763],[77.1521158,43.3386476],[77.1392399,43.3400496],[77.1429725,43.3425991],[77.14166,43.3477729],[77.1330789,43.3597725],[77.1333506,43.3655509]]]]}},{"type":"Feature","properties":{"name":"ВКО","region":"ВКО","id_reg":63},"geometry":{"type":"Polygon","coordinates":[[[81.1237832,50.1623161],[81.3244535,50.2307645],[81.5325136,50.3034492],[81.6549963,50.2877071],[81.6694562,50.3011948],[81.7132005,50.4049897],[81.6796936,50.4280244],[81.6774456,50.4462507],[81.6911764,50.4755875],[81.7022036,50.5402693],[81.6908727,50.543918],[81.6855565,50.5463504],[81.6866501,50.5516586],[81.6779013,50.5497477],[81.6792683,50.5586163],[81.6488599,50.5588865],[81.6488903,50.5621575],[81.6418578,50.5640872],[81.6382732,50.5644539],[81.633914,50.5686506],[81.6336558,50.5740818],[81.6351443,50.5768405],[81.6301344,50.5790946],[81.5849699,50.7043253],[81.7888388,50.8113168],[81.7903997,50.789776],[82.0125735,50.7857508],[82.1559374,50.7443433],[82.1846971,50.7347572],[82.2224367,50.7369171],[82.2491419,50.7488949],[82.3167364,50.7529586],[82.3457056,50.7736999],[82.3702485,50.7790246],[82.4809098,50.7517593],[82.4819559,50.7494836],[82.4823877,50.7467886],[82.4817118,50.7458042],[82.4830985,50.7457278],[82.4842089,50.7453748],[82.4851356,50.7441927],[82.4848111,50.7437777],[82.4844691,50.7435248],[82.4848942,50.7429579],[82.4854763,50.7422773],[82.6376109,50.7876972],[82.6776918,50.8088453],[82.7391939,50.8504319],[82.7331553,50.9153598],[82.7876446,50.9207321],[82.8854665,50.8979673],[82.923239,50.9007635],[82.9899614,50.9022768],[83.0802932,50.9455816],[83.1186366,50.9837544],[83.1750429,51.0115701],[83.2844364,51.0150364],[83.3746742,51.0016328],[83.4398071,51.0049494],[83.5010759,50.952505],[83.5752748,50.9528935],[83.6056848,50.959025],[83.6338119,50.9439826],[83.6564957,50.9395348],[83.6770814,50.9171533],[83.703568,50.8962114],[83.7607002,50.8905554],[83.8066076,50.8828348],[83.8357906,50.8726571],[83.8573512,50.8554601],[83.8928461,50.8319088],[83.9624119,50.8024768],[83.9766108,50.7829126],[83.9520094,50.7559567],[83.9637072,50.7364045],[83.9863351,50.7141613],[84.0110457,50.7026687],[84.0335741,50.6853419],[84.0500733,50.6719954],[84.0687561,50.6596771],[84.0739046,50.6439219],[84.0906351,50.6320397],[84.1134857,50.6128961],[84.1354026,50.6056046],[84.1547648,50.588837],[84.1534462,50.5720809],[84.1720818,50.563411],[84.1901675,50.5454922],[84.2382417,50.5295933],[84.2344986,50.4933923],[84.2040314,50.4676535],[84.2398065,50.410155],[84.2550939,50.3695448],[84.2695448,50.3383385],[84.2720294,50.3206594],[84.251587,50.2901411],[84.2787915,50.2669981],[84.2969138,50.2513593],[84.3235884,50.235994],[84.3618265,50.2086679],[84.3992079,50.2137525],[84.4338384,50.236084],[84.4949042,50.2350564],[84.5157846,50.215063],[84.5540969,50.2034542],[84.6158706,50.2109803],[84.6920117,50.1886227],[84.7811801,50.1429497],[84.8142713,50.1249682],[84.87278,50.095991],[84.9287388,50.0928507],[85.026135,50.0540746],[85.0492582,50.0103974],[84.9780463,49.9762943],[84.978111,49.9425262],[85.0039838,49.8999075],[85.0803856,49.8685762],[85.1000836,49.8258171],[85.1323508,49.808109],[85.1415849,49.7831549],[85.163943,49.7693233],[85.1974004,49.7472636],[85.2077374,49.7291744],[85.2067969,49.7113502],[85.2088523,49.6964468],[85.2065102,49.6586019],[85.2163452,49.6370155],[85.2575191,49.5885235],[85.5532877,49.5944136],[85.6072246,49.6092699],[85.6939273,49.5641207],[85.8056466,49.5616311],[85.8887493,49.5622091],[85.9494498,49.5537785],[85.9393496,49.5202367],[85.9601815,49.49856],[86.0324133,49.5123243],[86.1706147,49.497644],[86.2387547,49.517681],[86.266021,49.5660636],[86.3421351,49.5941199],[86.4286117,49.6293521],[86.5086057,49.6865111],[86.5486327,49.711447],[86.5822921,49.7241416],[86.5950226,49.7426809],[86.6094785,49.7681747],[86.5999471,49.7848218],[86.5956759,49.7935799],[86.5909338,49.8004534],[86.6034436,49.803026],[86.6182595,49.8030045],[86.6400492,49.8079711],[86.6605986,49.811796],[86.6904124,49.8104795],[86.7194855,49.7938972],[86.7413936,49.7874109],[86.7638718,49.7903853],[86.7822369,49.790622],[86.771384,49.7638238],[86.7645845,49.7502326],[86.7583405,49.7310091],[86.7709261,49.7105154],[86.7614999,49.6879655],[86.7384205,49.6884204],[86.7294064,49.678198],[86.7019906,49.6856818],[86.6733575,49.6686021],[86.6217032,49.6309918],[86.6182488,49.5703775],[86.7261268,49.5706866],[86.7612831,49.5625086],[86.8092606,49.5493117],[86.8248181,49.5230345],[86.8473003,49.4948793],[86.8309528,49.4697529],[86.8441207,49.4527455],[86.8802244,49.4341011],[86.9237331,49.418682],[86.9443259,49.4035023],[86.9247153,49.3698176],[86.9317991,49.3449898],[86.951183,49.336296],[86.957867,49.331163],[86.958825,49.317878],[86.96408,49.311671],[86.970987,49.305851],[87.0185332,49.2690166],[87.051928,49.251371],[87.072775,49.253326],[87.094709,49.252063],[87.110961,49.253817],[87.125509,49.255803],[87.137669,49.247554],[87.15312,49.249238],[87.166964,49.250091],[87.172481,49.246821],[87.184389,49.248367],[87.199128,49.252258],[87.209308,49.251407],[87.221285,49.246228],[87.23637,49.242382],[87.250787,49.239217],[87.263747,49.236056],[87.273755,49.232769],[87.288096,49.233193],[87.303657,49.235279],[87.314888,49.231361],[87.302753,49.178554],[87.299428,49.167062],[87.290678,49.156729],[87.299413,49.149129],[87.294057,49.139913],[87.295969,49.130281],[87.2878779,49.1144423],[87.275651,49.116285],[87.268203,49.114341],[87.255265,49.112443],[87.243025,49.112964],[87.23651,49.113225],[87.227995,49.1153],[87.222112,49.120027],[87.214117,49.122464],[87.215642,49.129316],[87.21256,49.133314],[87.207242,49.136193],[87.203532,49.139609],[87.201312,49.142323],[87.192459,49.141885],[87.18291,49.138897],[87.171626,49.139483],[87.165857,49.139923],[87.156569,49.143724],[87.151461,49.148384],[87.144913,49.151639],[87.134384,49.150883],[87.118057,49.152586],[87.10032,49.147541],[87.09679,49.13895],[87.084459,49.133795],[87.074789,49.132325],[87.056337,49.129263],[87.050257,49.130063],[87.044604,49.131195],[87.040054,49.132716],[87.035115,49.134764],[87.02997,49.1358],[87.026434,49.137064],[87.020977,49.138817],[87.012471,49.140404],[87.005646,49.141631],[86.999315,49.142674],[86.987222,49.140171],[86.982233,49.138537],[86.975598,49.136033],[86.969766,49.133811],[86.963377,49.134058],[86.960854,49.132711],[86.95693,49.133145],[86.954683,49.132117],[86.951926,49.131111],[86.946709,49.131327],[86.944207,49.130485],[86.940714,49.131565],[86.935689,49.131207],[86.933424,49.131155],[86.930251,49.131277],[86.928817,49.131241],[86.926191,49.132133],[86.924081,49.132368],[86.922158,49.133066],[86.919945,49.133086],[86.916392,49.134026],[86.914114,49.133988],[86.91138,49.134556],[86.907924,49.134637],[86.90554,49.135115],[86.902389,49.134525],[86.898633,49.134232],[86.892939,49.133797],[86.889572,49.132739],[86.885703,49.131915],[86.882153,49.129758],[86.877829,49.127433],[86.875246,49.124369],[86.874529,49.120522],[86.867535,49.11902],[86.862307,49.11756],[86.858626,49.113639],[86.852827,49.110571],[86.848962,49.106131],[86.846127,49.102557],[86.843462,49.10038],[86.842555,49.096135],[86.843036,49.090191],[86.84223,49.087069],[86.843211,49.08302],[86.844529,49.07889],[86.845853,49.075317],[86.844226,49.072171],[86.846503,49.069609],[86.847159,49.066002],[86.843986,49.06165],[86.840704,49.060872],[86.835661,49.05481],[86.831721,49.051891],[86.827853,49.049266],[86.822832,49.047262],[86.819939,49.046817],[86.817224,49.044686],[86.808894,49.043085],[86.802813,49.040678],[86.796606,49.038911],[86.792033,49.035731],[86.787192,49.03189],[86.783279,49.029995],[86.776115,49.026871],[86.771752,49.027535],[86.764748,49.024412],[86.762884,49.020755],[86.758774,49.018804],[86.7555,49.016775],[86.749164,49.014537],[86.749866,49.00956],[86.744913,49.007143],[86.7375,49.000349],[86.735142,48.997436],[86.728784,48.994148],[86.729908,48.989546],[86.726388,48.987993],[86.729613,48.983097],[86.726428,48.979148],[86.730393,48.973696],[86.73015,48.969767],[86.730165,48.965247],[86.727421,48.960152],[86.72795,48.956505],[86.727621,48.952166],[86.730281,48.950258],[86.729988,48.947184],[86.730376,48.943013],[86.730821,48.939353],[86.733417,48.93452],[86.735197,48.92678],[86.7378,48.921357],[86.740268,48.917592],[86.740745,48.914136],[86.745714,48.909408],[86.749061,48.90503],[86.753004,48.89914],[86.755236,48.894908],[86.76373,48.892312],[86.768882,48.891242],[86.77476,48.889648],[86.779038,48.885634],[86.782171,48.878732],[86.785469,48.87407],[86.789697,48.872156],[86.799135,48.868872],[86.803565,48.864924],[86.80693,48.861916],[86.814195,48.857691],[86.816296,48.855391],[86.817324,48.850183],[86.818111,48.844632],[86.817806,48.839676],[86.818965,48.834715],[86.815197,48.829841],[86.808762,48.826691],[86.804756,48.825938],[86.800184,48.82276],[86.794527,48.819694],[86.786172,48.814649],[86.770935,48.809407],[86.765632,48.806883],[86.761191,48.803064],[86.760375,48.799959],[86.759386,48.79601],[86.757236,48.792301],[86.75384,48.787835],[86.751115,48.781549],[86.752574,48.776884],[86.761084,48.765166],[86.768546,48.755686],[86.773428,48.749683],[86.773305,48.745774],[86.777842,48.735492],[86.776822,48.730441],[86.77395,48.72754],[86.773032,48.722176],[86.769977,48.72008],[86.765884,48.716024],[86.754102,48.707611],[86.744854,48.70036],[86.739855,48.697726],[86.735607,48.693752],[86.731698,48.688482],[86.727134,48.685706],[86.724591,48.682608],[86.715558,48.677322],[86.70919,48.67406],[86.702657,48.669798],[86.699423,48.6652],[86.698032,48.661791],[86.698765,48.655191],[86.694873,48.650796],[86.689344,48.648514],[86.68962,48.646188],[86.688603,48.641089],[86.684472,48.638831],[86.681087,48.637249],[86.677663,48.63418],[86.669344,48.633367],[86.667338,48.631017],[86.661731,48.630263],[86.651994,48.629381],[86.64383,48.629196],[86.637739,48.626985],[86.633189,48.62306],[86.633751,48.618663],[86.633875,48.611459],[86.627704,48.603749],[86.621427,48.599967],[86.616645,48.597927],[86.611488,48.595822],[86.609687,48.590252],[86.608221,48.586666],[86.60241,48.584759],[86.598601,48.579874],[86.59578,48.57524],[86.595019,48.573085],[86.596474,48.5686179],[86.5958026,48.5631721],[86.597351,48.558417],[86.593645,48.551263],[86.5905673,48.5442314],[86.5873599,48.5406266],[86.405974,48.478718],[86.4046812,48.4790096],[86.4035869,48.4791376],[86.4025998,48.4795946],[86.4014062,48.4801439],[86.399762,48.4804355],[86.3974231,48.4809618],[86.3959157,48.4812854],[86.3952184,48.4821495],[86.3952184,48.4834118],[86.3951433,48.4847345],[86.392976,48.4867078],[86.3908678,48.4875683],[86.3907981,48.4896233],[86.3891673,48.4904019],[86.3856858,48.4914187],[86.3820702,48.4922719],[86.3783714,48.4936121],[86.3777626,48.4949453],[86.3782668,48.4983863],[86.3767379,48.500416],[86.3718617,48.50123],[86.367833,48.4965805],[86.3681012,48.4927909],[86.3659474,48.4926523],[86.3608432,48.4921439],[86.3589522,48.4906578],[86.3555056,48.4927838],[86.3509083,48.4907361],[86.344015,48.4925705],[86.3349652,48.4909067],[86.3284206,48.4941987],[86.3182282,48.4876358],[86.3024461,48.4901103],[86.298691,48.4840447],[86.2869215,48.4737322],[86.2813747,48.4639795],[86.2594771,48.454097],[86.2437486,48.4437783],[86.2305307,48.4322617],[85.9147811,48.4362195],[85.9042776,48.4336355],[85.8947503,48.4304464],[85.8823585,48.4296135],[85.8681965,48.4314786],[85.8550215,48.429827],[85.8393037,48.4269722],[85.8307743,48.424338],[85.7922792,48.4180366],[85.7803917,48.4133653],[85.7669163,48.406158],[85.7566595,48.4033874],[85.7548571,48.3981306],[85.7524967,48.3945403],[85.7527757,48.3901446],[85.746274,48.3886556],[85.7418537,48.3855918],[85.7392788,48.3814021],[85.7307923,48.3763425],[85.7253528,48.3728718],[85.7235181,48.3654521],[85.7183361,48.365167],[85.7136798,48.3608401],[85.7134759,48.3565128],[85.7118451,48.3519428],[85.7121348,48.3476718],[85.7074892,48.3471441],[85.7067275,48.3457537],[85.7027686,48.34283],[85.7020068,48.339143],[85.7016528,48.3376026],[85.6950652,48.3352133],[85.694561,48.3313832],[85.6909025,48.3264185],[85.6893897,48.3211823],[85.6910205,48.3174581],[85.6906664,48.313591],[85.6903553,48.3095879],[85.6925332,48.3075328],[85.6923455,48.3044856],[85.6944537,48.3007245],[85.6908273,48.3003391],[85.6833601,48.2896466],[85.6754608,48.2670212],[85.6569671,48.2415384],[85.6313037,48.2237006],[85.6107688,48.2051558],[85.6011128,48.1991348],[85.5904054,48.1899661],[85.5862641,48.1827845],[85.580492,48.1750867],[85.576415,48.1659137],[85.5742413,48.1566041],[85.5712421,48.1571581],[85.5698603,48.1571743],[85.5678802,48.1565291],[85.5650975,48.1531004],[85.5636831,48.1511722],[85.5612345,48.1503178],[85.5624934,48.1466493],[85.5618965,48.1453965],[85.5588022,48.1451584],[85.5557075,48.1419727],[85.5573302,48.1355126],[85.5629111,48.1335179],[85.5596191,48.1319783],[85.5586333,48.1299599],[85.5576999,48.1278024],[85.5583559,48.1256813],[85.5545244,48.1263036],[85.5531885,48.1294154],[85.551783,48.1287531],[85.5491559,48.1267503],[85.5498502,48.1191382],[85.5507786,48.1146579],[85.5475754,48.114272],[85.5503748,48.1102513],[85.549886,48.1076594],[85.5537413,48.1074198],[85.5502004,48.1068423],[85.5497368,48.1045983],[85.547573,48.1055004],[85.5457003,48.1044723],[85.5491187,48.101641],[85.543262,48.0982235],[85.5460284,48.0957742],[85.5493908,48.094369],[85.546141,48.0923461],[85.5451336,48.0890058],[85.5451514,48.0843283],[85.5483375,48.0800881],[85.5433433,48.0785174],[85.5409886,48.0757508],[85.5382606,48.0737303],[85.5354081,48.0696226],[85.539629,48.067836],[85.5372596,48.0656156],[85.5411399,48.0645591],[85.5424967,48.0627142],[85.5402625,48.0621612],[85.540312,48.0604744],[85.5389343,48.0592474],[85.538973,48.0574706],[85.5402424,48.0567534],[85.5397129,48.0557846],[85.5415708,48.0547012],[85.5407496,48.0527034],[85.5387377,48.0511439],[85.5379249,48.0503865],[85.5369433,48.0492508],[85.534894,48.0487907],[85.5364143,48.0472418],[85.5344242,48.0450298],[85.5311094,48.0448973],[85.5292707,48.0435527],[85.5304865,48.0416479],[85.530305,48.0395021],[85.530637,48.0380577],[85.5289809,48.0349246],[85.5321972,48.033567],[85.5326133,48.0308885],[85.5287849,48.0277351],[85.5268063,48.0238854],[85.5397075,48.0201805],[85.5425227,48.0115947],[85.5394041,47.9876444],[85.5434864,47.9837235],[85.5592917,47.9031097],[85.61422,47.5400064],[85.6136393,47.5369773],[85.612217,47.5359075],[85.6110717,47.5348095],[85.6103705,47.5337348],[85.6093191,47.5331415],[85.6101978,47.5325051],[85.6091242,47.5322694],[85.6089014,47.5312537],[85.6088806,47.5304356],[85.6093606,47.5294756],[85.6095067,47.5287571],[85.6094665,47.5275398],[85.6093739,47.5265125],[85.6089365,47.5250736],[85.6078855,47.5239473],[85.6080329,47.5226739],[85.6082065,47.5208561],[85.6084817,47.5201912],[85.6092337,47.5191286],[85.6092119,47.5176062],[85.6093971,47.5164368],[85.6094914,47.5158491],[85.6102414,47.515098],[85.6098348,47.5139287],[85.6097725,47.5125662],[85.609178,47.5113568],[85.6081667,47.5101421],[85.6078337,47.5089193],[85.6089551,47.5086681],[85.6088437,47.5077101],[85.6090111,47.507136],[85.6093702,47.5065169],[85.6090864,47.5048039],[85.6103789,47.502731],[85.610792,47.5020375],[85.6118344,47.5008066],[85.6121362,47.4997914],[85.6126281,47.4982439],[85.6129495,47.4978827],[85.6132836,47.4973537],[85.6133858,47.4963062],[85.6135021,47.4952597],[85.6140855,47.4944716],[85.6140562,47.4938613],[85.6153698,47.493231],[85.6160684,47.4927036],[85.6162553,47.4918455],[85.6156167,47.4920091],[85.6155229,47.4917191],[85.6167414,47.4913372],[85.6177494,47.4906548],[85.6195371,47.490121],[85.6208386,47.4897482],[85.6212646,47.4888577],[85.6225987,47.4883876],[85.6230196,47.4881168],[85.6238717,47.4875799],[85.6245043,47.4868276],[85.6244029,47.4862862],[85.6253235,47.4855976],[85.6267342,47.4849219],[85.6270105,47.4839245],[85.6271063,47.482891],[85.6275064,47.4821021],[85.6277241,47.4809098],[85.6286371,47.4798257],[85.6294259,47.4792963],[85.6299027,47.4791527],[85.6307865,47.4786779],[85.6303667,47.4776359],[85.6309848,47.4769495],[85.6316382,47.4767411],[85.6322022,47.4756827],[85.6323232,47.4753604],[85.6326558,47.4746668],[85.6329492,47.4741556],[85.6340186,47.4729195],[85.6355038,47.47272],[85.6358491,47.4720375],[85.6373039,47.472042],[85.6362662,47.4710827],[85.6360223,47.4704492],[85.6369164,47.4693314],[85.6389181,47.4687442],[85.6386099,47.4676582],[85.639592,47.4669728],[85.6396709,47.4662871],[85.6391018,47.4659286],[85.6391682,47.4651453],[85.639103,47.4647604],[85.6395224,47.4638094],[85.6402162,47.4634822],[85.6413541,47.4627525],[85.6428498,47.4612267],[85.6440871,47.4601741],[85.6447677,47.4598381],[85.6456761,47.4594908],[85.6464881,47.4580443],[85.64735,47.4574517],[85.6489834,47.4566203],[85.6502104,47.4551255],[85.64953,47.454057],[85.6502111,47.4531479],[85.6532436,47.4527262],[85.6566665,47.4519302],[85.6600784,47.4516275],[85.6628731,47.4502162],[85.665286,47.4500418],[85.6659518,47.4479922],[85.6689706,47.4472714],[85.670306,47.4455259],[85.6715845,47.4442985],[85.6726842,47.4434257],[85.6729422,47.4421432],[85.674211,47.4410217],[85.6750586,47.4397877],[85.6749463,47.4383155],[85.6754414,47.4373069],[85.6761145,47.4362141],[85.6780666,47.4355537],[85.6794576,47.4346354],[85.6798612,47.4332204],[85.6814113,47.4310055],[85.6831837,47.4302465],[85.682757,47.4283493],[85.6830932,47.4267756],[85.684035,47.4248024],[85.6846008,47.4221792],[85.6841293,47.4207904],[85.6843764,47.4195723],[85.684388,47.4181294],[85.6844835,47.4169703],[85.6857052,47.4160542],[85.68554,47.4153296],[85.6848775,47.4133345],[85.6858474,47.4119483],[85.6854769,47.4104886],[85.6862071,47.4090376],[85.6846794,47.4073913],[85.6836491,47.406289],[85.6833243,47.4045359],[85.6842529,47.4021312],[85.68539,47.3998939],[85.6858186,47.3969513],[85.6863257,47.3952117],[85.6873351,47.3938084],[85.6892475,47.3913617],[85.6918152,47.389956],[85.6919563,47.3880756],[85.6943027,47.3870908],[85.6953167,47.3859479],[85.6980047,47.3847395],[85.7003978,47.3832673],[85.7019889,47.381287],[85.702094,47.3793262],[85.7012333,47.3777836],[85.701352,47.3762186],[85.7012034,47.374922],[85.700764,47.3729434],[85.69986,47.3712706],[85.6974532,47.3699454],[85.6991258,47.3685688],[85.6970805,47.3664641],[85.6947712,47.3658281],[85.6922349,47.3660984],[85.6892204,47.3657842],[85.687932,47.3650108],[85.6878198,47.3635359],[85.6868499,47.3616113],[85.6873263,47.3597061],[85.6881488,47.3574304],[85.6883343,47.3563151],[85.6879128,47.3547678],[85.6873543,47.3529466],[85.6876676,47.3505753],[85.6869231,47.3484907],[85.6861387,47.3455845],[85.686831,47.342801],[85.6858615,47.3403161],[85.6863173,47.3382543],[85.686147,47.3360921],[85.6860788,47.3338814],[85.6863825,47.3320029],[85.6843719,47.3302044],[85.6823098,47.3286697],[85.6799861,47.3264306],[85.6766399,47.3240827],[85.6729343,47.32086],[85.6732891,47.3186493],[85.6733393,47.3167111],[85.6742975,47.3135343],[85.6759699,47.3109456],[85.6808312,47.3097891],[85.683775,47.3090679],[85.6845607,47.3067342],[85.6850905,47.3041833],[85.6873284,47.3015325],[85.6903029,47.2991865],[85.6922419,47.2962198],[85.6935901,47.2943205],[85.6951225,47.2931696],[85.6974489,47.2901274],[85.6985309,47.2876597],[85.6976288,47.2847054],[85.6965559,47.2812288],[85.6955334,47.2794408],[85.6944367,47.2776353],[85.6938632,47.2743639],[85.6944342,47.2720073],[85.6925694,47.2691601],[85.6921801,47.2662491],[85.689929,47.263471],[85.6865783,47.2609763],[85.685043,47.2564971],[85.6825915,47.2535586],[85.6801273,47.2501683],[85.6806375,47.2480473],[85.6851219,47.2454665],[85.6871221,47.2421531],[85.6874216,47.2398173],[85.6854809,47.2360609],[85.6865623,47.233718],[85.6857181,47.2289883],[85.683574,47.2260359],[85.6818397,47.2222892],[85.6782062,47.2194339],[85.673022,47.218131],[85.6679515,47.2162893],[85.6605515,47.2135916],[85.6492658,47.2039123],[85.646436,47.1988993],[85.6435293,47.192094],[85.6408405,47.1865341],[85.635635,47.1818626],[85.6292079,47.1786044],[85.6286026,47.1758404],[85.6260889,47.17409],[85.6228139,47.1707746],[85.6184335,47.1682739],[85.6145027,47.1659407],[85.612235,47.1631774],[85.6097892,47.1603105],[85.6050322,47.1580117],[85.5963233,47.1531014],[85.5911102,47.1485427],[85.586639,47.1455578],[85.5782265,47.1388466],[85.5759729,47.1331315],[85.5723381,47.1248119],[85.5329418,47.0675203],[85.5312671,47.0497571],[85.5215899,47.0530232],[85.5103183,47.0555414],[85.5002112,47.0552966],[85.4903294,47.0529326],[85.4789932,47.0547797],[85.4662839,47.0599832],[85.4595909,47.063487],[85.4406284,47.060572],[85.4265195,47.0578784],[85.4143703,47.0602751],[85.4086324,47.0550911],[85.404413,47.0518376],[85.397917,47.0495164],[85.3906483,47.0485689],[85.3819379,47.0462617],[85.3723108,47.0501914],[85.3670429,47.0522865],[85.3592047,47.0524722],[85.3502676,47.0527996],[85.3483434,47.0540559],[85.3457082,47.0548428],[85.3413501,47.052898],[85.3404086,47.0509687],[85.3388442,47.0478085],[85.33023,47.0469079],[85.3275976,47.0446338],[85.3238375,47.0429413],[85.3196065,47.0442341],[85.3159447,47.0462683],[85.3138794,47.0475947],[85.3105462,47.0493741],[85.30636,47.0515872],[85.304247,47.0563613],[85.3004797,47.0615538],[85.2948341,47.0641224],[85.28521,47.0643831],[85.2767685,47.0674027],[85.2723965,47.063949],[85.2736512,47.0551334],[85.262918,47.0505868],[85.2541049,47.0529558],[85.2456762,47.0528779],[85.2390912,47.0519985],[85.2359368,47.0502839],[85.2316086,47.0495637],[85.2251098,47.0502763],[85.2208828,47.0527397],[85.2141259,47.0500539],[85.2126387,47.0464109],[85.2106839,47.0430181],[85.2118142,47.0394627],[85.2105154,47.0378647],[85.2082073,47.0350497],[85.2054855,47.0333761],[85.2043049,47.0313614],[85.2035272,47.0282185],[85.2001451,47.0245822],[85.1993205,47.0216072],[85.1976696,47.0206592],[85.1962228,47.0189456],[85.1941413,47.016649],[85.1944025,47.0144867],[85.1942268,47.0129669],[85.1932101,47.0118846],[85.1904115,47.0102173],[85.188454,47.0089444],[85.1820342,47.0041695],[85.175607,47.0034542],[85.1782466,46.9981491],[85.178003,46.9946411],[85.1761726,46.9923816],[85.1714575,46.9900105],[85.1687809,46.9878444],[85.1638228,46.9867421],[85.1593301,46.9869993],[85.1531214,46.9865586],[85.1345447,46.9815605],[85.1277001,46.9800859],[85.1280633,46.9767673],[85.1248167,46.9732396],[85.1214561,46.9718589],[85.1191217,46.969935],[85.1174318,46.9701851],[85.1140816,46.9710924],[85.1111655,46.9702545],[85.1094165,46.9683084],[85.10731,46.9673139],[85.104143,46.9666024],[85.1028198,46.9655326],[85.099404,46.9651986],[85.0961866,46.9646805],[85.095661,46.9621159],[85.0938136,46.959701],[85.0900119,46.9577551],[85.0868494,46.9581391],[85.0832742,46.9579342],[85.0789399,46.956999],[85.0793595,46.9541548],[85.0814331,46.9515943],[85.0848279,46.9480175],[85.0826021,46.9404773],[85.0776666,46.9354855],[85.0768002,46.9310793],[85.0679746,46.9286585],[85.0624208,46.9267194],[85.0547747,46.9272503],[85.0492474,46.928572],[85.044161,46.9252962],[85.032943,46.9218692],[85.0248984,46.9231909],[85.0176614,46.924554],[85.0118908,46.9248383],[85.0061471,46.9264562],[85.0020732,46.9246728],[85.0020733,46.9221497],[84.9995803,46.9212878],[84.9936062,46.9204474],[84.9907918,46.9190365],[84.9857906,46.9167398],[84.9828586,46.9148024],[84.9812613,46.9107295],[84.9799262,46.905778],[84.9793087,46.9014974],[84.9801485,46.8970941],[84.9791899,46.8923305],[84.974011,46.8884075],[84.974818,46.8839714],[84.9765338,46.8792223],[84.9795496,46.8735525],[84.9733462,46.8722223],[84.9641151,46.871511],[84.9616521,46.8662053],[84.9510745,46.8633283],[84.944232,46.8628509],[84.9355066,46.8693636],[84.9233631,46.8756931],[84.9151808,46.8803736],[84.9142193,46.8864549],[84.9075917,46.8951089],[84.8958637,46.9008831],[84.8901076,46.9062031],[84.879794,46.9102983],[84.8760226,46.9139984],[84.8728583,46.9165346],[84.8700529,46.9198285],[84.8683975,46.9224135],[84.8645203,46.9246316],[84.8606151,46.9273684],[84.8584427,46.9306841],[84.8586627,46.9345734],[84.8592454,46.9400768],[84.8562301,46.9471067],[84.8503288,46.9502685],[84.8452447,46.9546974],[84.8400854,46.9571103],[84.834525,46.9571565],[84.8241472,46.9603345],[84.8156918,46.9578756],[84.8101003,46.9609744],[84.8021767,46.9648234],[84.7919567,46.9701147],[84.7822931,46.9741193],[84.7806474,46.9818847],[84.776426,46.9867342],[84.776266,46.9902132],[84.7736287,46.9922914],[84.769412,46.9941147],[84.7672017,46.9967361],[84.7617932,46.9989479],[84.7360897,47.0052288],[84.7048044,47.0078992],[84.6817589,47.0038314],[84.667232,46.9992511],[84.6481561,46.9984608],[84.6319771,46.9950216],[84.6220207,46.9983876],[84.6050262,46.9981389],[84.5778394,46.9993389],[84.5596218,46.9939239],[84.5477557,46.9880107],[84.5382499,46.9838975],[84.5201397,46.9804061],[84.5049262,46.9770755],[84.486022,46.9916114],[84.4602513,46.9945167],[84.4528055,47.008426],[84.4298887,47.0076212],[84.4135165,47.0042704],[84.3999338,47.0040655],[84.3864155,46.9991194],[84.3651724,46.9979632],[84.3500447,46.9978901],[84.3282866,47.0017974],[84.3170428,46.9977291],[84.3041467,46.997612],[84.2940402,46.9979193],[84.2745781,47.0016657],[84.2605448,47.0029242],[84.2425847,46.9992364],[84.2305944,47.0006072],[84.2282721,46.9996453],[84.2249982,46.9971921],[84.222644,46.9976835],[84.218243,46.9989892],[84.2142274,47.0008197],[84.2085789,47.0012303],[84.205803,47.0005941],[84.2029,47.0016968],[84.1978649,47.0012244],[84.1959261,46.9990448],[84.1935295,46.9990106],[84.189643,46.9994942],[84.1873643,46.9986096],[84.1858003,46.9974459],[84.1819041,46.9977117],[84.1800579,46.9975907],[84.1773278,46.9955053],[84.1753514,46.9932087],[84.1696833,46.9950621],[84.1660197,46.9942571],[84.1646627,46.9907725],[84.1599737,46.9890159],[84.1589499,46.9860744],[84.158211,46.982407],[84.155511,46.98093],[84.1516739,46.9789311],[84.1486805,46.978683],[84.1445032,46.9758564],[84.1398115,46.9736329],[84.1339855,46.9722325],[84.1304268,46.9713496],[84.1282018,46.9689988],[84.1246188,46.9670148],[84.1202511,46.9690992],[84.1152486,46.9669417],[84.1057458,46.9692455],[84.1024281,46.9691524],[84.0972366,46.9687483],[84.0932082,46.9686099],[84.089914,46.9687645],[84.0882886,46.9689394],[84.0854035,46.9689282],[84.080193,46.9686127],[84.0643465,46.9719218],[84.0476542,46.9702495],[84.0353414,46.9759823],[84.0180516,46.9843659],[84.0089321,46.9880254],[83.9879517,46.994398],[83.976027,46.9897879],[83.9592952,46.9834217],[83.9497698,46.9912358],[83.9328563,46.984347],[83.9208698,46.9768266],[83.9020729,46.9750697],[83.8969016,46.9851564],[83.8877098,46.9867806],[83.8755033,46.9861943],[83.8700537,46.9899469],[83.8677405,46.9958249],[83.852159,46.9953371],[83.8429608,46.9962926],[83.8353889,46.9945833],[83.8350981,46.999089],[83.8370138,47.0037101],[83.8265408,47.0112479],[83.8122754,47.0164403],[83.80086,47.0170267],[83.7913883,47.0182003],[83.7850696,47.0236266],[83.7720851,47.0258905],[83.7608111,47.0253458],[83.753179,47.0273831],[83.7433038,47.0330133],[83.7308303,47.0274217],[83.7157159,47.0246416],[83.7070594,47.0175119],[83.7019832,47.0212955],[83.700575,47.0290104],[83.6960259,47.0346711],[83.6840346,47.03528],[83.6718159,47.0385807],[83.6656256,47.0389819],[83.6438914,47.0439557],[83.6253026,47.0459669],[83.6172744,47.0488638],[83.6068754,47.0465962],[83.6038533,47.0546344],[83.5883092,47.0591605],[83.5787929,47.0605058],[83.5669235,47.0562447],[83.559811,47.0603638],[83.562377,47.0669935],[83.5650155,47.0786391],[83.5488762,47.0802805],[83.5359198,47.0829887],[83.5248232,47.0858635],[83.5242328,47.0924458],[83.5189588,47.0947939],[83.513891,47.0982536],[83.5091771,47.1069914],[83.4994794,47.1073796],[83.4863021,47.1091635],[83.4820634,47.1157559],[83.4676178,47.1182931],[83.4631061,47.1218375],[83.4707806,47.1280202],[83.4614449,47.1283355],[83.4515327,47.1316933],[83.4286587,47.1216105],[83.4208088,47.1155042],[83.4131044,47.1211668],[83.4039484,47.131533],[83.3888253,47.1409534],[83.3855536,47.1507934],[83.3748865,47.1576109],[83.3643654,47.1670508],[83.3652109,47.1756683],[83.3593379,47.1774155],[83.3537514,47.1743167],[83.3463593,47.172667],[83.3388273,47.1720461],[83.333747,47.1709427],[83.3164279,47.1724707],[83.3089031,47.1761237],[83.3009767,47.1786449],[83.2937202,47.1817268],[83.2851866,47.1783468],[83.273186,47.1754503],[83.2516247,47.176571],[83.2353498,47.1823604],[83.2381095,47.1871876],[83.2260919,47.1886614],[83.2161666,47.1905556],[83.2071431,47.1983366],[83.208338,47.206842],[83.2035621,47.2133931],[83.1863751,47.219444],[83.1648388,47.2246766],[83.2307051,47.4321518],[83.1596373,47.6059317],[82.9841994,47.8454227],[83.1930362,48.0795144],[83.4724044,48.2573414],[83.4772968,48.2799658],[83.4857937,48.4378568],[83.2402753,48.5744208],[83.2034111,48.6373187],[83.1539082,48.673464],[83.1548309,48.678409],[83.1254554,48.6838918],[83.1348967,48.6460101],[83.0379724,48.6217611],[83.0352044,48.6227611],[83.0343354,48.6244915],[83.0323505,48.6242149],[83.0321467,48.6258034],[83.0293143,48.6246191],[83.0271363,48.6254772],[83.0243575,48.6266544],[83.0220616,48.6268884],[83.0196798,48.6281932],[83.0196369,48.6263282],[83.0173194,48.626853],[83.0156779,48.627711],[83.0080604,48.6332206],[83.022952,48.6796558],[83.1516552,48.6945723],[83.0453538,48.7561888],[82.9610467,48.7297849],[82.9516375,48.7459812],[82.911694,48.7702199],[82.9085183,48.7729493],[82.9447818,48.8093789],[82.8834986,48.8159919],[82.8808164,48.7795389],[82.8959656,48.7696967],[82.8964054,48.7672075],[82.902199,48.7617055],[82.9213178,48.7558917],[82.9275298,48.7532321],[82.903819,48.757179],[82.8304553,48.7665569],[82.8266787,48.8094637],[82.8237176,48.812735],[82.8229022,48.8149887],[82.8222477,48.8165288],[82.8230309,48.8184221],[82.8238249,48.8209794],[82.8282237,48.8207251],[82.8308308,48.8219754],[82.8316462,48.8245677],[82.8312385,48.8265596],[82.8307342,48.8284243],[82.8286421,48.8308398],[82.827934,48.8323723],[82.8264052,48.8335658],[82.8243345,48.8351725],[82.8223765,48.8374464],[82.8223604,48.83906],[82.8224087,48.841016],[82.8204721,48.8429154],[82.817865,48.844084],[82.8154403,48.845482],[82.8142601,48.8471059],[82.814346,48.8490898],[82.8135467,48.851123],[82.8126776,48.8525067],[82.8116798,48.8541692],[82.9211997,48.90868],[82.7320289,49.0112465],[82.7038764,49.1284318],[82.66536,49.2207471],[82.6609451,49.2147763],[82.6539123,49.2106342],[82.643162,49.2120185],[82.6291501,49.2183329],[82.4221533,49.326559],[82.1911437,49.3850366],[82.062026,49.4445663],[82.0205601,49.529681],[81.7913015,49.657983],[81.7134983,49.7511322],[81.6388431,49.76274],[81.6980116,49.836478],[81.5607983,49.8975512],[81.3281893,49.9868708],[81.3339039,50.0325718],[81.343902,50.0408353],[81.3436468,50.0518142],[81.3501384,50.0543728],[81.3585335,50.0659913],[81.3594772,50.0761501],[81.3601249,50.0823998],[81.3665548,50.0937229],[81.3652538,50.1026856],[81.3712415,50.1124845],[81.3745102,50.1246551],[81.1237832,50.1623161]]]}},{"type":"Feature","properties":{"name":"Кызылординская","region":"Кызылординская","id_reg":43},"geometry":{"type":"Polygon","coordinates":[[[59.0306023,46.0070443],[60.3272642,46.9132478],[61.3142209,47.7900512],[62.5870832,47.2409412],[63.3031255,46.9715107],[63.7858637,46.8341552],[64.9417668,46.5013541],[66.6769346,46.1586187],[67.1576267,46.1264666],[67.1559763,46.0666782],[67.165442,46.0345544],[67.1741341,46.0037263],[67.2670875,45.8663852],[67.3260505,45.8028913],[67.2935234,45.6873951],[67.2978687,45.6510984],[67.2916889,45.6430281],[67.2748123,45.6038699],[67.263826,45.4695613],[67.2200221,45.3874545],[67.1678994,45.3132397],[67.3908766,45.1817712],[67.5089868,44.4334332],[67.7564211,44.2221459],[68.0596617,44.0208314],[67.9792878,43.8024696],[67.8837983,43.7288865],[67.7750237,43.5365937],[67.665413,43.370785],[67.6594848,43.3425944],[67.6733951,43.3130371],[67.6840163,43.3188963],[67.6816369,43.3484887],[67.72134,43.36762],[67.7439945,43.351243],[67.7155425,43.3538915],[67.7337318,43.3366421],[67.7787438,43.3352947],[67.7919134,43.3223322],[67.8132568,43.2974001],[67.796657,43.2822721],[67.7752715,43.2808801],[67.7762643,43.2734996],[67.7820828,43.2601327],[67.7990333,43.2586749],[67.8312635,43.2528299],[67.7927041,43.235433],[67.8088748,43.2253103],[67.8363643,43.217309],[67.8720793,43.2198593],[67.8616491,43.2027013],[67.8371818,43.1853438],[67.0600384,42.8607863],[65.5592582,43.289475],[63.3490764,43.6504846],[62.0062256,43.5055069],[59.8448809,44.9843717],[59.0306023,46.0070443]]]}},{"type":"Feature","properties":{"name":"Костанайская","region":"Костанайская","id_reg":39},"geometry":{"type":"Polygon","coordinates":[[[60.001992,51.9932809],[60.1520682,51.991459],[60.3145151,52.0423689],[60.4255691,52.1091278],[60.5841118,52.1561977],[60.7243208,52.1622553],[60.7634579,52.201784],[60.7766335,52.2187435],[60.8024627,52.22811],[60.8403999,52.2324208],[60.8704406,52.2460863],[60.9027216,52.2544675],[60.9408218,52.2663666],[60.9730565,52.283731],[60.9834511,52.2949457],[60.9904325,52.3077827],[61.0134824,52.3273749],[61.0439754,52.3366853],[61.0319656,52.3832028],[60.9526366,52.5109207],[60.843519,52.5612488],[60.8360821,52.6374777],[60.8143018,52.6313621],[60.7896699,52.6304632],[60.7492045,52.6290874],[60.7138288,52.6904779],[60.8848169,52.8212505],[60.8934195,52.8345622],[60.9490377,52.8524993],[60.9802801,52.8807895],[61.0165214,52.895105],[61.0451681,52.912374],[61.0755123,52.9282198],[61.0306406,52.977421],[61.0517978,52.9805218],[61.0939193,52.9671611],[61.1202327,52.985972],[61.1469626,52.999522],[61.1804373,53.0081256],[61.1992603,53.0191624],[61.2384796,53.0294455],[61.3016269,52.9996705],[61.4700535,53.0360329],[61.5071082,53.0232185],[61.5373099,53.0157643],[61.701773,52.998212],[61.7504424,52.9949452],[61.8043865,52.9964587],[61.8379418,52.9936354],[62.1320227,52.9973589],[62.146076,53.0620859],[61.9589048,53.1420172],[61.8263099,53.1710388],[61.719971,53.2448837],[61.5627483,53.2180552],[61.4323995,53.2542969],[61.2897179,53.2860135],[61.1864999,53.3063],[61.1573468,53.3981282],[61.2208146,53.45733],[61.2577888,53.5066447],[61.2733672,53.5099821],[61.2819608,53.5114817],[61.2929619,53.5151071],[61.3078844,53.5155115],[61.3178193,53.5191284],[61.4284497,53.4555416],[61.5147123,53.4905781],[61.5768123,53.5173431],[61.3863766,53.5945616],[61.347054,53.5597962],[61.3335184,53.559093],[61.3138989,53.5608365],[61.2904689,53.5628074],[61.2739794,53.5658894],[61.2578582,53.5654025],[61.2360319,53.5654818],[61.2200685,53.5637362],[61.1971274,53.5676862],[61.1631095,53.5744705],[60.9325683,53.6244496],[60.918838,53.6690489],[61.1630552,53.7652169],[61.057291,53.8940467],[61.054354,53.9583755],[61.1417751,53.9733367],[61.205062,53.9188607],[61.267992,53.9762109],[61.2660688,54.0416006],[61.2962327,54.0732249],[61.3031956,54.0708628],[61.3129945,54.0742817],[61.3198495,54.0774499],[61.3320237,54.0790642],[61.3405743,54.0771774],[61.3497653,54.0733213],[61.3516819,54.0755159],[61.3636367,54.0767432],[61.3718985,54.081898],[61.3819991,54.0848295],[61.39096,54.0847413],[61.3993483,54.0865566],[61.4070853,54.0865605],[61.4154188,54.0829389],[61.424562,54.0844058],[61.4337018,54.0827322],[61.4507035,54.0830868],[61.4691301,54.0819926],[61.4809592,54.0818068],[61.4820203,54.0405073],[61.5469785,54.0112044],[61.569137,54.0081896],[61.6143487,53.9790998],[61.6188162,53.9933278],[61.6247385,53.9964964],[61.6302102,54.0000155],[61.6309189,54.0035317],[61.6316405,54.0050531],[61.6320911,54.0070014],[61.6366831,54.009536],[61.6396872,54.0135079],[61.6406527,54.0160395],[61.6426912,54.0180315],[61.6461871,54.0198814],[61.6491177,54.02111],[61.6537713,54.0238689],[61.6557239,54.0256021],[61.7014188,54.0190706],[61.7437633,54.0075793],[61.8214041,54.0194252],[61.8487344,54.0311837],[61.8474181,54.010572],[61.8752192,54.0162386],[61.8926745,54.008409],[61.8904504,54.0046796],[61.8889282,54.0020101],[61.8859659,54.0007707],[61.8846655,53.9964105],[61.8809836,53.9916143],[61.878727,53.9891112],[61.8761061,53.9847442],[61.8753885,53.9819741],[61.8743064,53.9778402],[61.8694462,53.9724346],[61.8623886,53.9698684],[61.8595334,53.9653771],[61.8571469,53.9625705],[62.0438652,53.9484557],[62.0073053,54.0381009],[62.0191075,54.037808],[62.0363776,54.0345556],[62.043414,54.039362],[62.0525243,54.0395578],[62.0610791,54.0386661],[62.0684859,54.0397317],[62.0731892,54.045777],[62.074078,54.0479513],[62.075333,54.0501719],[62.0817399,54.0499328],[62.0859987,54.048563],[62.0897021,54.0474106],[62.0888874,54.0434315],[62.0995901,54.0428443],[62.1102599,54.0446576],[62.1148107,54.0430796],[62.1307386,54.041491],[62.1313657,54.0373878],[62.1434198,54.0373956],[62.1510822,54.0349522],[62.1565701,54.0349758],[62.1643088,54.0373866],[62.1664168,54.0341938],[62.1726022,54.0319783],[62.1766796,54.0289806],[62.1900997,54.0336011],[62.1932374,54.0314611],[62.204593,54.0336848],[62.2083029,54.0325445],[62.2119781,54.0378997],[62.2250493,54.0389789],[62.2259508,54.0353953],[62.2334131,54.0337042],[62.252844,54.0358478],[62.2582922,54.0361631],[62.2667999,54.0338461],[62.2775084,54.0341613],[62.2819636,54.0357218],[62.2903908,54.0351701],[62.2958764,54.0328321],[62.3044023,54.0324221],[62.3144181,54.0331151],[62.3220565,54.0320969],[62.3321826,54.0320378],[62.3470324,54.0336169],[62.3498492,54.0391017],[62.3565998,54.0370621],[62.3673457,54.0387611],[62.3727855,54.0405687],[62.3846985,54.0461182],[62.3946196,54.0478094],[62.4010651,54.047105],[62.4132764,53.978637],[62.4912527,53.9227363],[62.5258271,53.9229322],[62.552059,53.9326503],[62.5646861,53.9496041],[62.5796858,53.9640209],[62.58457,53.9718839],[62.5982791,53.988786],[62.5744021,54.0578828],[62.5775349,54.0582796],[62.581805,54.0595894],[62.584101,54.0599043],[62.5919822,54.0625567],[62.5873602,54.0636965],[62.5907099,54.0654202],[62.5919008,54.066988],[62.5935423,54.0683416],[62.5929522,54.0705262],[62.5966343,54.072189],[62.5945717,54.0734169],[62.5974369,54.0739572],[62.5992823,54.073548],[62.6033914,54.0725345],[62.6057088,54.0729059],[62.6087558,54.0722134],[62.6133048,54.0725156],[62.6162016,54.07261],[62.6227999,54.0759338],[62.6251817,54.0782565],[62.6287651,54.0765947],[62.6303851,54.0769346],[62.6340544,54.0793454],[62.6373482,54.0809126],[62.6371229,54.0817623],[62.6391721,54.0832476],[62.6422627,54.0820682],[62.6444156,54.0820064],[62.6458025,54.081435],[62.6479912,54.0820959],[62.6591599,54.0860922],[62.6596749,54.0878669],[62.6631832,54.0889807],[62.6610589,54.0914663],[62.66608,54.0914411],[62.6710474,54.0908245],[62.6744807,54.0913279],[62.6772702,54.0921396],[62.6807678,54.0922214],[62.6842332,54.0925612],[62.6896405,54.093807],[62.6947689,54.0956694],[62.706399,54.0960091],[62.7102828,54.0947634],[62.7161765,54.0923315],[62.7212485,54.0931334],[62.7286291,54.0932281],[62.7254105,54.0927499],[62.7239621,54.0913216],[62.7308698,54.0919193],[62.7355277,54.0922717],[62.7385855,54.0933728],[62.7391004,54.09258],[62.7417183,54.0916047],[62.7464819,54.092429],[62.7535,54.094306],[62.7586162,54.0941342],[62.7624786,54.0943166],[62.7610746,54.0927792],[62.7682614,54.0936937],[62.7722955,54.0957826],[62.7767265,54.0952101],[62.7792692,54.095877],[62.7822304,54.0973304],[62.7832925,54.0958015],[62.7869189,54.0969655],[62.7883994,54.0985446],[62.7904057,54.0971542],[62.7929807,54.0989913],[62.7945578,54.1001866],[62.7955019,54.0996708],[62.7985382,54.1009982],[62.7975941,54.1035585],[62.8025508,54.1034767],[62.8035943,54.1062931],[62.8079259,54.109163],[62.8117561,54.1117103],[62.8226781,54.1136536],[62.8325057,54.1134146],[62.8421724,54.1157981],[62.8548217,54.1147039],[62.8631902,54.116471],[62.8703463,54.1148296],[62.8761184,54.1166219],[62.8873837,54.118194],[62.8963174,54.1146507],[62.9005694,54.1137102],[62.8980964,54.1156723],[62.9026347,54.1177381],[62.9059875,54.1175306],[62.9053974,54.1154176],[62.907511,54.1175903],[62.9114485,54.1173451],[62.9147744,54.1174897],[62.9166251,54.1185682],[62.9202676,54.1188512],[62.9219466,54.1170747],[62.9202515,54.1154774],[62.9227781,54.1148233],[62.9267102,54.1159585],[62.9247844,54.1139555],[62.9289043,54.113053],[62.9302239,54.1157006],[62.9332119,54.1162823],[62.9361695,54.1163945],[62.942664,54.1137794],[62.9448044,54.1127197],[62.9480392,54.1125782],[62.9508769,54.1126945],[62.9539186,54.1114555],[62.9536557,54.1104052],[62.9564881,54.1087038],[62.9657402,54.1076496],[62.9731071,54.110358],[62.9781926,54.111031],[62.980746,54.108339],[62.9852307,54.1076157],[62.9873764,54.106213],[62.9900265,54.1063451],[62.9916036,54.1054708],[62.9940283,54.1063388],[62.9954231,54.1051626],[62.9996073,54.1062822],[63.0033731,54.1075402],[63.0056476,54.1082007],[63.0086625,54.1061816],[63.011291,54.1071943],[63.0101216,54.108446],[63.0129003,54.107144],[63.0161083,54.1078359],[63.0198848,54.1061313],[63.0288871,54.1050371],[63.0381131,54.1032188],[63.0477389,54.1010697],[63.0711472,54.1045776],[63.0824768,54.1045147],[63.0931413,54.1083265],[63.0895579,54.110314],[63.0937099,54.1114524],[63.0989027,54.1113895],[63.1011236,54.11327],[63.1010485,54.1154648],[63.1055331,54.1158107],[63.1088912,54.1159679],[63.1107044,54.116798],[63.1149959,54.118018],[63.1182253,54.1191939],[63.1219053,54.1175338],[63.1222594,54.1197912],[63.123858,54.1211809],[63.1254136,54.118892],[63.1276667,54.1205395],[63.1291151,54.1213758],[63.1302454,54.1223707],[63.1334174,54.1217028],[63.1344259,54.1235765],[63.1376123,54.1219606],[63.1404769,54.1228157],[63.1433953,54.1219433],[63.1470966,54.1232873],[63.1536949,54.1244819],[63.1584799,54.1294675],[63.1571098,54.1324475],[63.1560552,54.1352005],[63.1570974,54.1372516],[63.1562805,54.137479],[63.1545156,54.1389529],[63.1543708,54.1411181],[63.1573319,54.1412815],[63.1570905,54.142617],[63.1593275,54.1444961],[63.1621277,54.1454261],[63.1643271,54.1479963],[63.1637585,54.1503966],[63.1691337,54.1523068],[63.1650245,54.154066],[63.1646705,54.1578042],[63.1622028,54.1570817],[63.1607759,54.1606562],[63.1577825,54.1627606],[63.1550681,54.1640106],[63.1531262,54.1628046],[63.1551432,54.1753847],[63.1546712,54.1783423],[63.1525254,54.1803327],[63.1547785,54.1848407],[63.160218,54.1907607],[63.1695092,54.1927191],[63.1759894,54.1919408],[63.1775772,54.1927693],[63.1810534,54.1907042],[63.1830382,54.1914825],[63.183521,54.1892164],[63.1871152,54.1861905],[63.1943142,54.1865421],[63.1993139,54.1870883],[63.2020068,54.1871385],[63.2030046,54.1860524],[63.2136047,54.1883564],[63.2221638,54.1888955],[63.2241619,54.1910243],[63.225224,54.1914794],[63.2234055,54.1928635],[63.2202512,54.1925559],[63.2222414,54.1947277],[63.2250845,54.1971693],[63.2263398,54.1966829],[63.2264417,54.1949098],[63.2310981,54.1969371],[63.2324982,54.1975929],[63.233394,54.1954056],[63.2315808,54.1943543],[63.2370791,54.1952717],[63.2394129,54.1952079],[63.2380879,54.1970438],[63.2405716,54.1958607],[63.2419342,54.1961588],[63.2417142,54.1948909],[63.2455552,54.1949725],[63.2471108,54.1963534],[63.2491279,54.1947466],[63.2506621,54.1934849],[63.2510665,54.1917094],[63.2550931,54.191878],[63.2576358,54.1923613],[63.2594705,54.1922421],[63.2609671,54.1918121],[63.2627696,54.1915076],[63.2637083,54.1916206],[63.262614,54.1930173],[63.2640839,54.1937674],[63.2670021,54.1939274],[63.2670772,54.1927631],[63.2687831,54.1937674],[63.2717013,54.1928886],[63.2739919,54.1947434],[63.2783264,54.1970061],[63.2799196,54.1969277],[63.2793902,54.1955603],[63.2822049,54.1954621],[63.2844955,54.195641],[63.2890981,54.1957696],[63.2941461,54.1957822],[63.2983249,54.1970783],[63.3026808,54.195164],[63.3045906,54.1963032],[63.3085924,54.1955751],[63.314681,54.1958199],[63.3139354,54.1979821],[63.3160222,54.1977436],[63.3185434,54.1978346],[63.322953,54.199799],[63.3268154,54.2013742],[63.3309621,54.2018418],[63.3350229,54.2003293],[63.3376676,54.200458],[63.3383542,54.1990898],[63.3382684,54.1982771],[63.3391374,54.1968241],[63.3423078,54.1981327],[63.3401942,54.196027],[63.3434129,54.1946838],[63.3475006,54.1948658],[63.3498341,54.1930581],[63.3527899,54.1934975],[63.3517814,54.1912126],[63.3525968,54.190745],[63.3554184,54.1902459],[63.3553004,54.1886451],[63.3568132,54.190632],[63.3570921,54.1896339],[63.3587525,54.1888779],[63.3623787,54.1895924],[63.3643234,54.1896182],[63.3655465,54.1887016],[63.3701599,54.1885573],[63.3737647,54.1898316],[63.3758569,54.1907544],[63.3763397,54.1923425],[63.3793116,54.1925308],[63.3802342,54.1942821],[63.3807707,54.1934159],[63.3802557,54.1913633],[63.3841824,54.191583],[63.4036525,54.1888858],[63.4148177,54.1931836],[63.4131115,54.1950456],[63.4232473,54.1956486],[63.4245463,54.1961484],[63.4286031,54.1963405],[63.4311785,54.1965237],[63.4388235,54.196992],[63.444624,54.1982136],[63.4515442,54.1972487],[63.4585976,54.1969434],[63.47453,54.2027988],[63.4877694,54.2066769],[63.4880805,54.2091554],[63.488574,54.2109687],[63.4901991,54.2082883],[63.4919858,54.2111695],[63.4923291,54.2131144],[63.4903308,54.2133068],[63.4915995,54.2146829],[63.4932303,54.2143692],[63.4967065,54.2147895],[63.4999359,54.2155361],[63.5025859,54.2127254],[63.5083473,54.2113514],[63.509506,54.2089922],[63.5111558,54.206111],[63.5187757,54.2070722],[63.5214579,54.2088856],[63.5230994,54.2132713],[63.5311246,54.2143253],[63.5344076,54.2108557],[63.5451686,54.2113891],[63.5530543,54.2153416],[63.5625064,54.2151597],[63.5661328,54.2180705],[63.5723448,54.218472],[63.5782878,54.2181134],[63.5860428,54.2200434],[63.5912275,54.2207616],[63.6044991,54.2247885],[63.6100352,54.2286332],[63.6171806,54.2287273],[63.6225021,54.2283761],[63.6331236,54.2324336],[63.6425114,54.2365158],[63.6447033,54.2411334],[63.6480689,54.2414064],[63.6556435,54.2415381],[63.6638188,54.2437888],[63.664602,54.2433248],[63.6715668,54.2450761],[63.6763179,54.2460833],[63.6848366,54.2479451],[63.6928403,54.2484278],[63.7046957,54.2511796],[63.7066121,54.254054],[63.7096524,54.2519882],[63.716079,54.2527717],[63.7181711,54.2533358],[63.7250161,54.2562565],[63.7299514,54.257441],[63.7279451,54.258168],[63.7282562,54.2602172],[63.7312496,54.2620471],[63.7344789,54.260706],[63.7378263,54.2617714],[63.7402296,54.2598851],[63.7464201,54.2604303],[63.7526429,54.2609567],[63.7585544,54.2650674],[63.7607753,54.2668031],[63.7671912,54.2657442],[63.768307,54.265763],[63.7724483,54.2655875],[63.780967,54.26706],[63.7907088,54.2677241],[63.7936163,54.2701614],[63.7948823,54.2714646],[63.7977469,54.2692341],[63.8253436,54.2577335],[63.9140524,54.1981125],[63.9440802,54.2059597],[63.9598731,54.2059597],[64.0062216,54.2156973],[63.9753226,54.2891076],[63.9868239,54.3012297],[64.0189246,54.3005286],[64.0173796,54.2899091],[64.0666464,54.3087417],[64.0756523,54.3182963],[64.1760993,54.3089299],[64.1903212,54.3110096],[64.1934225,54.3148959],[64.2007278,54.3144671],[64.2092038,54.3177389],[64.212489,54.3218103],[64.2220089,54.3231394],[64.2266769,54.3226678],[64.2287169,54.3212422],[64.2275591,54.319495],[64.2314909,54.3169518],[64.2547507,54.3215913],[64.2836675,54.3277708],[64.2899849,54.3298472],[64.3089971,54.3322048],[64.3330718,54.3305299],[64.3558959,54.3367742],[64.4347922,54.3300361],[64.4604376,54.3440795],[64.4636832,54.3525269],[64.4667571,54.3598549],[64.4916329,54.3642609],[64.5229236,54.3543846],[64.5326969,54.358574],[64.5385689,54.3616797],[64.5510152,54.3638664],[64.5680626,54.3621708],[64.564246,54.3677298],[64.5774715,54.3720685],[64.5823121,54.3711925],[64.591404,54.372981],[64.5974615,54.3768968],[64.5906817,54.3808967],[64.5966454,54.3831669],[64.6025993,54.386071],[64.6042277,54.3890342],[64.6146358,54.3930372],[64.6231109,54.392587],[64.6753791,54.3623969],[64.906689,54.400694],[65.070199,54.365518],[65.22907,54.414858],[65.263608,54.54662],[65.495718,54.578441],[65.613548,54.640254],[65.8452855,54.6972432],[66.0774429,54.6046501],[66.0868785,54.42105],[66.3002552,54.0992438],[66.0916726,53.8050555],[66.2574392,53.3316573],[66.0707051,52.98159],[66.020846,52.7422331],[65.8610143,52.0807207],[65.383141,51.6848995],[65.396031,51.312566],[65.6158131,51.0297154],[65.627956,50.8273494],[65.6723151,50.8470985],[65.7287513,50.8538632],[65.7912059,50.8567198],[65.8164947,50.881914],[65.9895275,50.9465945],[66.1018778,50.8232699],[66.3155971,50.6854319],[66.9908958,50.6581929],[67.5639838,50.4923269],[67.8999841,50.5275451],[67.9641775,50.3171783],[67.3737519,49.9381768],[66.4124336,49.2415156],[65.7438439,48.884764],[65.7238117,48.8794502],[65.6823293,48.8740767],[65.6507055,48.8716192],[64.4686722,48.6747271],[64.0160746,48.1702789],[63.4167575,48.6017719],[62.9531991,48.8899426],[62.3964715,49.1973034],[62.3211923,49.5201086],[62.5550886,49.7353049],[62.8988333,49.8858185],[62.9260233,49.8817585],[62.9303533,49.8977685],[62.9301433,49.9076884],[62.9188233,49.9209183],[62.9230433,49.9295683],[62.9260633,49.9430182],[62.94525,49.95578],[62.94474,49.97518],[62.94454,49.9875],[62.95293,49.99674],[62.9498,50.00391],[62.93614,50.00932],[62.91961,50.01846],[62.9111461,50.0254455],[62.9059963,50.0343225],[62.8912334,50.0394495],[62.8911476,50.0492608],[62.8880577,50.0578579],[62.8832168,50.0661036],[62.8841095,50.0769203],[62.8811912,50.0852921],[62.8800754,50.0934972],[62.8667373,50.1017093],[62.859991,50.1053331],[62.8530902,50.1114253],[62.8476829,50.1176723],[62.8468589,50.1234686],[62.8405504,50.1316947],[62.8330831,50.135821],[62.8342933,50.142872],[62.8269977,50.1469149],[62.8222684,50.1543574],[62.8197364,50.1659872],[62.807806,50.1696432],[62.7982359,50.1673617],[62.7913265,50.1701105],[62.7836446,50.1788508],[62.7856617,50.1853912],[62.788331,50.1896324],[62.7763919,50.1935243],[62.7687187,50.1941109],[62.7579898,50.1972978],[62.7497844,50.2073419],[62.7366523,50.2143727],[62.7310819,50.2212474],[62.7287216,50.2306372],[62.7225332,50.23631],[62.7242069,50.2403998],[62.7311592,50.24287],[62.7322406,50.2491094],[62.735794,50.2586762],[62.7278118,50.2672083],[62.7206878,50.2754097],[62.716568,50.2800172],[62.7114181,50.2858034],[62.7005176,50.2908212],[62.6888961,50.2956836],[62.6943378,50.2994024],[62.6890249,50.3071967],[62.6774721,50.3080368],[62.6692752,50.311216],[62.6657219,50.3184878],[62.6631813,50.3313555],[62.6542635,50.3402128],[62.6440839,50.3463929],[62.6431398,50.3558402],[62.6393203,50.3636978],[62.6431827,50.3753587],[62.6346855,50.3856485],[62.6140861,50.3899444],[62.6021556,50.4006961],[62.5894956,50.408683],[62.5677461,50.411701],[62.5566225,50.4270041],[62.5508289,50.4427218],[62.5402717,50.4561939],[62.5246162,50.4625419],[62.5101022,50.4739777],[62.5045318,50.4864129],[62.5013904,50.4977064],[62.5134582,50.5054136],[62.5281696,50.5143557],[62.2669253,50.6415066],[62.2285783,50.978418],[61.9947382,51.0893369],[61.8709037,51.3030241],[61.5661826,51.315394],[61.468045,51.4077087],[61.4556273,51.4087306],[61.4335524,51.4167911],[61.4202648,51.4226021],[61.4063573,51.41652],[61.3898418,51.4219489],[61.3738071,51.4255412],[61.3580468,51.4346746],[61.3308027,51.4421031],[61.3026837,51.4383582],[61.2791929,51.437876],[61.2666617,51.4428516],[61.2550713,51.4407115],[61.2446254,51.4474882],[61.2268857,51.4503896],[61.2094393,51.454215],[61.1932612,51.4569951],[61.1716322,51.4550128],[61.1536651,51.4549871],[61.1488058,51.4541107],[61.1365087,51.4538421],[61.1312906,51.458118],[61.1112891,51.4505137],[61.1017396,51.45649],[61.0928934,51.4662675],[61.0757347,51.465215],[61.0573168,51.4641704],[61.0322583,51.4652316],[61.0229429,51.4630677],[61.0108626,51.4667119],[61.002869,51.4676803],[60.9986848,51.4686928],[60.9949018,51.4750504],[60.9929419,51.4864529],[60.9752542,51.491543],[60.9663148,51.4886557],[60.9516866,51.4909477],[60.9496789,51.5044887],[60.9439901,51.5185611],[60.9298861,51.5304728],[60.915724,51.5485501],[60.9100592,51.558023],[60.9112916,51.569667],[60.9165287,51.575816],[60.922687,51.5866698],[60.9346766,51.6016459],[60.9335022,51.6123323],[60.4234187,51.646683],[60.4131255,51.6508434],[60.3970836,51.6638113],[60.3869671,51.6701274],[60.3736984,51.6752851],[60.3637939,51.6765692],[60.3563085,51.6848078],[60.3532916,51.6892824],[60.3750655,51.6954151],[60.3998219,51.7062121],[60.4147137,51.7125599],[60.4283907,51.7183293],[60.4309948,51.7214906],[60.4436001,51.7301256],[60.4531654,51.7398924],[60.4651422,51.75732],[60.4765391,51.7651508],[60.4858053,51.7684637],[60.5061184,51.7729689],[60.517813,51.7732043],[60.5181708,51.7789133],[60.2736434,51.8515216],[60.1572704,51.8578617],[60.003262,51.9711508],[60.001992,51.9932809]]]}},{"type":"Feature","properties":{"name":"Актюбинская","region":"Актюбинская","id_reg":15},"geometry":{"type":"Polygon","coordinates":[[[53.6109316,49.5290525],[53.6305554,49.5207934],[53.6355057,49.5263789],[53.6591156,49.5234121],[53.678449,49.5184531],[53.6804874,49.5088681],[53.694671,49.5054822],[53.6962374,49.5143853],[53.7110432,49.5107351],[53.7212999,49.5199018],[53.7322004,49.5247492],[53.7229093,49.5290251],[53.7363418,49.5427138],[53.7333591,49.5510254],[53.7426718,49.5696761],[53.7389596,49.576077],[53.7633141,49.5747551],[53.7824114,49.5822544],[53.7968309,49.5867757],[53.8111861,49.5939114],[53.8228162,49.6005733],[53.8416767,49.5935215],[53.8556886,49.5978887],[53.8693785,49.5959138],[53.8807082,49.5949263],[53.8946372,49.5991409],[53.8976383,49.5879854],[53.9140534,49.5892651],[53.9131737,49.594203],[53.9234763,49.5980839],[53.9373779,49.5951071],[53.9563036,49.587109],[53.9619469,49.5932155],[53.9779115,49.5882219],[53.9995408,49.5920749],[54.0136063,49.5950653],[54.0319633,49.5986675],[54.0389478,49.6039034],[54.0461469,49.6054748],[54.3205476,49.6624196],[54.3120503,49.6722523],[54.325118,49.6733215],[54.3440866,49.6743213],[54.3969583,49.7143519],[54.5473765,49.9227697],[54.4407109,50.2337476],[54.5448205,50.5277123],[54.6152794,50.5403709],[54.6297718,50.5508781],[54.6554374,50.5693919],[54.690113,50.5947345],[54.7188061,50.6059148],[54.7274281,50.6138692],[54.7309653,50.6216909],[54.7218716,50.6318795],[54.7221291,50.644835],[54.7194254,50.6615685],[54.7131211,50.6770138],[54.7156489,50.6874052],[54.6805185,50.7369034],[54.6832117,50.8340839],[54.6920031,50.8938766],[54.6812302,50.9007851],[54.6775013,50.9020882],[54.6707703,50.9065325],[54.6699588,50.9101814],[54.670897,50.9132537],[54.6697635,50.9163476],[54.6686521,50.9180206],[54.66526,50.9197928],[54.6604223,50.917149],[54.6554999,50.9151447],[54.6490546,50.9163293],[54.6445172,50.9178985],[54.6363352,50.9206894],[54.6263693,50.9222828],[54.6186746,50.9250331],[54.6142015,50.9211747],[54.6047097,50.9216741],[54.5979785,50.9225337],[54.5903403,50.9195591],[54.5840164,50.9165707],[54.5778521,50.9181475],[54.5669181,50.915138],[54.5540019,50.9262235],[54.5427375,50.9247915],[54.5280647,50.9290002],[54.5382357,50.9357889],[54.5503807,50.9343555],[54.5623755,50.9261667],[54.5685367,50.9253084],[54.5588136,50.9366679],[54.5704865,50.9362825],[54.5757437,50.9393993],[54.5700359,50.9426443],[54.579134,50.9378173],[54.5876741,50.9357484],[54.5907211,50.9456998],[54.5739144,50.9571393],[54.5699823,50.9688193],[54.5784795,50.9727851],[54.5645562,50.9828755],[54.5615333,50.9922513],[54.5492649,51.0064102],[54.5721388,51.0045064],[54.5735116,51.0125858],[54.594618,51.0300907],[54.6055859,51.0211384],[54.6217436,51.0222452],[54.6453148,51.0205277],[54.6517199,51.0249142],[54.6547562,51.0297086],[54.6690524,51.0257915],[54.6913469,51.015621],[54.7012263,51.018892],[54.7065239,51.0260605],[54.6870693,51.0350109],[54.6932416,51.038464],[54.7007758,51.0349556],[54.7048396,51.0393167],[54.7144849,51.0328705],[54.7245051,51.0310821],[54.7263068,51.0379804],[54.7398841,51.0366581],[54.7401631,51.0224139],[54.7459914,51.0199098],[54.7915167,50.985264],[54.9041319,50.9180154],[55.0150251,50.906321],[55.0295949,50.9127072],[55.0374913,50.9183079],[55.0501513,50.9273975],[55.0555735,50.9201299],[55.0666308,50.9226636],[55.0818229,50.9214327],[55.0892257,50.9174692],[55.0940537,50.9103801],[55.1061773,50.9070652],[55.1100611,50.8994603],[55.1311326,50.8969701],[55.126884,50.8904329],[55.1253176,50.8845175],[55.1293959,50.8802301],[55.1329377,50.8002018],[55.2948184,50.7074564],[55.5101354,50.6642465],[55.6238008,50.5796591],[55.7797106,50.5898902],[55.9823236,50.6669522],[56.0957944,50.7260099],[56.1415677,50.8468143],[56.2098621,50.926455],[56.361258,50.90125],[56.4073545,50.9660419],[56.453243,51.0256818],[56.5130174,51.0850257],[56.5146792,51.0746646],[56.5258608,51.0719277],[56.5255604,51.0625427],[56.5345726,51.0548823],[56.5378771,51.0467889],[56.5445719,51.0447923],[56.5503655,51.0418115],[56.5554488,51.0391394],[56.5580044,51.0377908],[56.5600429,51.0371567],[56.5626392,51.0359288],[56.5690336,51.0334864],[56.5746963,51.0330135],[56.5800629,51.0275487],[56.5849767,51.023433],[56.5884743,51.0200856],[56.5925298,51.0155501],[56.6008339,51.0124857],[56.6054258,51.0063292],[56.6077411,51.0038164],[56.6112614,51.0015898],[56.6131721,50.9983219],[56.6201887,50.9935817],[56.6169894,50.9880832],[56.6225266,50.9879292],[56.6285562,50.9861732],[56.6531508,50.9876093],[56.675689,50.9876818],[56.6867856,50.9854277],[56.6973444,50.9824102],[56.7023492,50.9745956],[56.7075741,50.9731229],[56.7121446,50.9709002],[56.7170691,50.97265],[56.7211783,50.9747274],[56.7263389,50.976933],[56.7296654,50.9785578],[56.7415036,50.9793967],[56.7492932,50.9811413],[56.7425322,50.996497],[56.7032892,51.0672784],[56.7256967,51.078262],[56.7754152,51.0924551],[56.9151953,51.0739321],[57.0577204,51.0696217],[57.1680424,51.1085019],[57.2189844,51.0404077],[57.2257006,51.035051],[57.2323321,51.0313678],[57.2390269,51.0293571],[57.2461712,51.0262119],[57.2550558,51.028237],[57.2637236,51.0294644],[57.2712134,51.032137],[57.2832708,51.0333519],[57.2899522,51.0365404],[57.2838782,51.030267],[57.2857214,51.017514],[57.2888812,51.0101421],[57.2917103,51.0015185],[57.3044304,50.9972269],[57.3151802,50.9850453],[57.3125624,50.9792365],[57.3124765,50.9755752],[57.3204791,50.9695069],[57.3264014,50.9477194],[57.3548113,50.9299251],[57.3715483,50.9207819],[57.3898303,50.9099051],[57.4109446,50.9001625],[57.441157,50.8890643],[57.463473,50.8840286],[57.4888746,50.8796395],[57.5120029,50.8821171],[57.5239883,50.9017264],[57.5223522,50.9070351],[57.5294289,50.9177022],[57.5442009,50.9274804],[57.5738377,50.9349798],[57.6869616,50.9169755],[57.739196,50.922844],[57.7605343,50.9201611],[57.7540488,51.0520544],[57.7719418,51.1384157],[57.809781,51.1394364],[57.8225768,51.127434],[57.830509,51.1129463],[57.8487861,51.1118937],[57.8669383,51.0993919],[57.8859986,51.1085748],[57.9148828,51.1163873],[57.925002,51.1079291],[57.951559,51.086255],[57.9781607,51.0919349],[57.997836,51.0940159],[58.0150021,51.0936924],[58.0371931,51.1100592],[58.0636765,51.1167286],[58.0838383,51.1214995],[58.0907906,51.1127914],[58.0828262,51.0909119],[58.0864132,51.0828022],[58.1026883,51.0700896],[58.1219471,51.070615],[58.13671,51.0669474],[58.1592066,51.0657751],[58.1720606,51.0632197],[58.1701708,51.0805375],[58.2057729,51.088248],[58.2182492,51.1047957],[58.2034955,51.123957],[58.2132817,51.1303205],[58.2361556,51.1351948],[58.244727,51.1447729],[58.2641257,51.1429832],[58.2672064,51.1527233],[58.2727581,51.1522642],[58.2770562,51.1452442],[58.283384,51.1519414],[58.2870625,51.1587124],[58.2906524,51.1549164],[58.3031933,51.1552085],[58.3092297,51.1534892],[58.3159102,51.1547953],[58.3210316,51.1622791],[58.3734284,51.1106229],[58.486957,51.0913385],[58.6180955,51.0314942],[58.6964643,50.8481894],[58.8066602,50.7795748],[58.8241053,50.7693758],[58.8297701,50.7664444],[58.8356066,50.7616874],[58.8428914,50.7573642],[58.8498866,50.7505019],[58.8506162,50.7439373],[58.8484329,50.7366792],[58.8482076,50.7309208],[58.8478911,50.7273554],[58.8514203,50.7224409],[58.8621282,50.7187702],[59.03133,50.6881047],[59.1406971,50.6746826],[59.2617771,50.6451574],[59.389413,50.6410311],[59.3963492,50.6401466],[59.4054365,50.6392348],[59.4169493,50.6367646],[59.4283855,50.63916],[59.4418073,50.6427729],[59.4543922,50.6453038],[59.4633223,50.6424737],[59.537685,50.6089108],[59.5419497,50.6044594],[59.5520756,50.5956856],[59.5629783,50.5874332],[59.567699,50.5789314],[59.5280132,50.5776491],[59.46172,50.5798576],[59.466784,50.5702641],[59.4623101,50.5574585],[59.4606149,50.5491217],[59.4573533,50.543418],[59.5697819,50.5155397],[59.862003,50.598881],[59.9933137,50.6733168],[60.139552,50.8340266],[60.2165551,50.8126838],[60.4807758,50.6655978],[60.7122409,50.6656217],[60.9286908,50.685151],[61.2276423,50.7552238],[61.4490006,50.8061229],[61.4898558,50.9702268],[61.5292184,51.1014434],[61.6235615,51.2459782],[61.9240722,51.2205956],[62.1041875,51.1288912],[62.2764924,50.801556],[62.497042,50.590701],[62.5236721,50.5095076],[62.5064115,50.5034934],[62.5026779,50.4919733],[62.5066347,50.4814157],[62.5167541,50.4707274],[62.5316457,50.4596911],[62.5410871,50.4498819],[62.5511293,50.434686],[62.5586824,50.4218366],[62.5784235,50.4067411],[62.5921993,50.404252],[62.6081209,50.3976596],[62.6252527,50.3895162],[62.636445,50.3803944],[62.6406936,50.3705414],[62.6415948,50.3609875],[62.6397495,50.3520068],[62.6460151,50.3440924],[62.6615934,50.3382037],[62.6648979,50.3274105],[62.671421,50.3173547],[62.6696701,50.3095812],[62.6832227,50.3057344],[62.6907329,50.305104],[62.6916427,50.2993571],[62.6926212,50.2948515],[62.7054529,50.2903825],[62.7131776,50.2813884],[62.7181558,50.2785089],[62.7256231,50.2728863],[62.7333049,50.2657269],[62.7338628,50.254341],[62.7298803,50.2471335],[62.727211,50.2405096],[62.7253656,50.2373531],[62.7285499,50.2334373],[62.7300434,50.2270311],[62.7374248,50.2192058],[62.7396564,50.2111046],[62.7514581,50.2040458],[62.7618436,50.1970958],[62.7727441,50.1957222],[62.7822284,50.1933595],[62.7927427,50.1863805],[62.7857475,50.1818188],[62.7836875,50.1750306],[62.7976007,50.1630278],[62.8003473,50.171577],[62.8144579,50.166372],[62.8204746,50.1626704],[62.8241224,50.1502699],[62.8309888,50.1454573],[62.8358383,50.1380037],[62.8388767,50.1352159],[62.8442411,50.1306218],[62.8419237,50.12157],[62.846816,50.1152961],[62.8566436,50.1132046],[62.8611154,50.1028654],[62.8728742,50.1010211],[62.8843669,50.0930567],[62.8756122,50.0811063],[62.8830795,50.0713566],[62.8807621,50.0630925],[62.8920917,50.0551577],[62.8927784,50.0441349],[62.8953533,50.0376303],[62.910202,50.0330545],[62.9136352,50.0224678],[62.92345,50.01893],[62.94292,50.00659],[62.9454,49.99945],[62.94914,49.99517],[62.94065,49.98756],[62.94696,49.95993],[62.94145,49.95339],[62.9216533,49.9358583],[62.9168933,49.9289783],[62.9148133,49.9156184],[62.9247933,49.9041884],[62.9299933,49.8956285],[62.9232633,49.8864485],[62.6582898,49.9084583],[62.452104,49.6249717],[62.5036383,49.3063452],[62.5842321,48.9942686],[63.1301743,48.8634099],[63.5419231,48.5464007],[64.1632377,47.8150788],[62.9500893,47.1907705],[61.3597972,47.8187854],[60.4950016,47.1218087],[59.4738204,46.4135817],[58.171782,45.5005245],[56.644833,45.6668958],[56.4647932,46.1763308],[55.593424,46.6777712],[55.0194874,47.3191269],[55.0658133,47.5893292],[55.0293655,48.0299104],[54.919336,48.3064574],[54.8881969,48.4750286],[54.8228476,48.727664],[54.6527543,48.7979656],[54.5420388,48.6400923],[54.2050849,48.7204922],[54.0226994,48.9471745],[53.98762,49.1744359],[53.826783,49.1428997],[53.6291389,49.2234754],[53.6582564,49.4142122],[53.6109316,49.5290525]]]}},{"type":"Feature","properties":{"name":"Мангистауская","region":"Мангистауская","id_reg":47},"geometry":{"type":"Polygon","coordinates":[[[50.9028202,43.6709462],[50.1032333,44.2835944],[49.8225333,44.9009722],[50.0740944,45.1936083],[51.1640583,45.3643917],[51.9809721,45.5624145],[52.9579511,45.7556175],[53.6771606,45.9866279],[54.0778582,46.241047],[54.8325782,46.3635427],[55.6284278,46.415567],[55.7680507,46.4064283],[55.8329078,46.341437],[55.8570534,46.2485748],[55.9745251,46.2323085],[56.2712994,46.1514623],[56.5165047,46.0973561],[56.3577417,45.0863185],[55.9990117,41.6439595],[55.852901,41.319004],[55.811717,41.278338],[55.747288,41.300118],[55.728004,41.292874],[55.723842,41.280334],[55.691734,41.286559],[55.669645,41.285061],[55.633404,41.280094],[55.607303,41.247189],[55.602758,41.25951],[55.591037,41.276516],[55.580481,41.27111],[55.57127,41.287007],[55.557977,41.294729],[55.546285,41.284955],[55.546847,41.271292],[55.508338,41.255916],[55.472347,41.27166],[55.450396,41.282414],[55.430472,41.279495],[55.412207,41.298148],[55.407685,41.317017],[55.398313,41.337222],[55.348356,41.366952],[55.216836,41.504246],[55.115536,41.6112],[54.999233,41.781083],[54.952115,41.906308],[54.80086,42.033021],[54.2430981,42.363512],[53.981104,42.345752],[53.547377,42.282509],[53.167235,42.174188],[52.884799,42.059311],[52.4507168,41.7624365],[52.2262667,42.0889111],[51.8678667,42.688275],[51.2025361,43.0162028],[51.0968111,43.4507833],[50.9028202,43.6709462]]]}},{"type":"Feature","properties":{"name":"Атырауская","region":"Атырауская","id_reg":23},"geometry":{"type":"Polygon","coordinates":[[[47.0908517,48.1032436],[47.4014568,48.242005],[48.0441304,48.1777689],[48.7418539,48.0974777],[49.630737,48.0643145],[50.5787735,48.4188355],[51.0648186,48.682933],[51.4948908,48.7243499],[51.8152632,48.6579758],[51.7691677,48.5980375],[51.9575924,48.5567405],[52.3358019,48.5065551],[52.552094,48.6418932],[52.7139693,48.7832781],[52.7075384,48.9959012],[53.0469772,49.0245444],[53.3850963,49.0991936],[53.664798,49.1886175],[53.8386983,49.11295],[53.9898285,49.0935721],[54.0132802,48.8792961],[54.3176574,48.697088],[54.581359,48.7255373],[54.697833,48.7943685],[54.9228153,48.6523861],[54.8909745,48.4359692],[54.9472538,48.219917],[55.0991245,47.9562721],[55.0720737,47.5494703],[55.1198356,47.0643493],[56.1206294,46.5531084],[56.4367176,46.1348416],[56.0447598,46.211476],[55.9576496,46.2591917],[55.8177221,46.2628614],[55.8258301,46.3942705],[55.7186358,46.4086465],[55.3800847,46.444424],[54.5047456,46.3010499],[53.9717348,46.2461303],[53.4769073,45.8377377],[52.7837972,46.21595],[52.3639583,46.6197278],[51.7420028,46.5853806],[51.2630444,46.8496694],[50.1468194,46.4773194],[49.85,46.07],[49.545,46.18],[49.2145978,46.3451468],[49.1381858,46.3838062],[49.1112709,46.3871823],[49.0675639,46.3908608],[48.9978956,46.428892],[48.9098121,46.4529361],[48.8786788,46.481563],[48.8168849,46.4918287],[48.7869326,46.5332038],[48.7827065,46.5421298],[48.7527687,46.5482347],[48.7075232,46.5618106],[48.6787899,46.5593911],[48.6517533,46.559214],[48.631626,46.5615452],[48.596135,46.5573254],[48.5683688,46.5570894],[48.5448941,46.5618403],[48.550037,46.5755302],[48.555558,46.5805819],[48.5588137,46.586255],[48.5692485,46.5886263],[48.5737332,46.5927699],[48.585964,46.5989036],[48.599933,46.6002452],[48.6205054,46.6026519],[48.5966824,46.6089197],[48.5568413,46.6151414],[48.5620322,46.6369141],[48.5117397,46.6513843],[48.4871871,46.6729106],[48.5352722,46.7062855],[48.9199948,46.6934117],[48.2093704,47.6916271],[47.3852214,47.6812845],[47.0504085,47.9979317],[47.0908517,48.1032436]]]}},{"type":"Feature","properties":{"name":"ЗКО","region":"ЗКО","id_reg":27},"geometry":{"type":"Polygon","coordinates":[[[46.4932179,48.432558],[46.7106909,48.8282295],[46.9355359,49.0065564],[46.7822421,49.3398769],[46.8578914,49.6435781],[47.182462,49.9349593],[47.3169163,50.0609228],[47.2574733,50.1917462],[47.2982776,50.2983404],[47.307668,50.3074137],[47.3155752,50.3113543],[47.3243509,50.3180089],[47.3340406,50.3250711],[47.3379629,50.3306922],[47.3459707,50.3283168],[47.3564592,50.3304977],[47.3701617,50.3325223],[47.3830569,50.3281049],[47.3932734,50.3336126],[47.4066832,50.3363732],[47.4113617,50.3433173],[47.4151671,50.3528167],[47.4650815,50.4115738],[47.5681803,50.4618993],[47.6152763,50.4574281],[47.6329568,50.4566441],[47.6380898,50.4521424],[47.626139,50.449221],[47.6388439,50.4422361],[47.6471377,50.4485852],[47.6453218,50.4417899],[47.6443706,50.4342886],[47.6566368,50.4281396],[47.6619429,50.4231059],[47.6751988,50.4202758],[47.6614821,50.413444],[47.6768174,50.4008323],[47.6981401,50.3921083],[47.731718,50.38599],[47.7462823,50.3742863],[47.7414158,50.3638847],[47.7606462,50.3479898],[47.78394,50.3380341],[47.8060843,50.3322268],[47.8285156,50.3297597],[47.8191028,50.3168427],[47.8373267,50.3104159],[47.8659941,50.2893627],[47.8984381,50.2628137],[47.9353453,50.2461306],[47.9531981,50.2263669],[47.9627257,50.2015269],[47.9876,50.1830274],[47.9990513,50.1690856],[48.0117768,50.1413225],[48.0361066,50.1359787],[48.0457966,50.1279341],[48.0468577,50.1128225],[48.0905348,50.1017291],[48.1084029,50.0843113],[48.1151647,50.0641852],[48.1156798,50.0586117],[48.1258358,50.0472325],[48.1281407,50.0402666],[48.1292497,50.0257125],[48.1259542,50.0173552],[48.1313391,50.0088777],[48.1322,49.9976775],[48.1420497,49.9885568],[48.157449,49.9787141],[48.1588297,49.9705035],[48.1592085,49.964876],[48.1600377,49.9610782],[48.1638605,49.9556193],[48.1696923,49.9530333],[48.1761558,49.9475924],[48.1871713,49.9451945],[48.1935557,49.9417775],[48.1970136,49.9347777],[48.2070613,49.9284218],[48.2134077,49.9219016],[48.2185613,49.9144775],[48.2210507,49.9104949],[48.228266,49.9042343],[48.2344313,49.8937009],[48.2320838,49.8845764],[48.2262762,49.8780124],[48.2256986,49.8693404],[48.2379414,49.8696475],[48.2544842,49.8643708],[48.2661703,49.8582435],[48.2798686,49.8599552],[48.2988675,49.8613048],[48.3043866,49.865602],[48.3145673,49.8726413],[48.3210248,49.8630342],[48.3279992,49.8512808],[48.3409075,49.8506411],[48.3449103,49.8414529],[48.3537635,49.8313473],[48.362807,49.8260808],[48.3766421,49.834391],[48.397023,49.8324096],[48.4078082,49.8220357],[48.4219391,49.8136326],[48.4295548,49.8063868],[48.5013798,49.8478937],[48.695143,49.9072265],[48.9034293,50.0183874],[48.8813732,50.0299688],[48.8818397,50.0392511],[48.8659325,50.0538843],[48.8637809,50.07457],[48.8514272,50.0861065],[48.834168,50.0937965],[48.7990638,50.0967345],[48.780596,50.1007742],[48.7648714,50.0982632],[48.7718157,50.2238682],[48.6975486,50.3884997],[48.6583829,50.5418675],[48.6600674,50.5469719],[48.655975,50.5514559],[48.6580125,50.5613058],[48.6655598,50.5708928],[48.659156,50.579648],[48.6555587,50.5837883],[48.6501153,50.5903401],[48.6509621,50.5997479],[48.6408221,50.6043308],[48.6272946,50.6106952],[48.6179846,50.6118602],[48.6092502,50.61509],[48.5999338,50.6147881],[48.5872241,50.6204304],[48.5804848,50.6252914],[48.6062107,50.661929],[48.621238,50.6558349],[48.6402129,50.6480854],[48.6522812,50.6430358],[48.6574785,50.6359397],[48.6662021,50.6320234],[48.6742811,50.6274326],[48.6839355,50.6170903],[48.7053179,50.6085559],[48.7117057,50.6073349],[48.7212692,50.6054531],[48.7346512,50.6052636],[48.7405101,50.6104198],[48.7540083,50.6085916],[48.7612674,50.609623],[48.7717957,50.6076509],[48.8390833,50.6052592],[48.9899048,50.6799557],[49.1571718,50.7894901],[49.4187087,50.8487381],[49.423228,50.849464],[49.4301601,50.8601727],[49.4379951,50.8680258],[49.4430944,50.8765363],[49.4443183,50.8809349],[49.4424105,50.8858855],[49.4423805,50.8936057],[49.4382711,50.9010531],[49.4305395,50.9057227],[49.4302374,50.9123613],[49.4268063,50.9176466],[49.4249981,50.9257355],[49.4204167,50.9298638],[49.4118099,50.9387862],[49.4136457,50.9459231],[49.4084802,50.9560806],[49.4071397,50.9607353],[49.3964115,51.0488896],[49.4546664,51.1255932],[49.6047118,51.1096891],[49.7761627,51.1071554],[49.8935514,51.1882496],[49.97671,51.2288851],[50.2523111,51.2840673],[50.3882269,51.3990017],[50.3909814,51.4089446],[50.3802113,51.4198309],[50.3718007,51.4277678],[50.5263335,51.4654053],[50.5545437,51.4726416],[50.5546247,51.4802708],[50.5539402,51.4861683],[50.5475144,51.4964664],[50.5430545,51.5027132],[50.5377743,51.510056],[50.5386807,51.5211494],[50.5411739,51.5924916],[50.5566658,51.597939],[50.5628726,51.5927705],[50.5662889,51.5882638],[50.5851824,51.6458348],[50.7301685,51.6276458],[50.7333137,51.6174926],[50.7324507,51.6104958],[50.7286481,51.6060344],[50.7191607,51.6016982],[50.7080662,51.5944631],[50.6968335,51.5903405],[50.692375,51.5861423],[50.6768484,51.5815946],[50.6795942,51.5759444],[50.8073004,51.5850999],[50.8221631,51.6585049],[50.8714385,51.7534621],[50.8985756,51.6823246],[50.915561,51.6808206],[50.9281868,51.6809767],[50.936452,51.6805795],[50.9470458,51.6786023],[50.9581562,51.6800089],[50.9677591,51.6810412],[50.9888033,51.6757662],[50.9970035,51.676046],[50.9994923,51.6717403],[51.0076173,51.6732159],[51.0118782,51.6772139],[51.0189728,51.6778726],[51.0284808,51.679952],[51.0319463,51.6823185],[51.0358227,51.6839763],[51.0390666,51.6848421],[51.0429177,51.6813878],[51.0446084,51.6779202],[51.0511935,51.6792871],[51.0594897,51.6765374],[51.0617069,51.6719556],[51.0698447,51.6713569],[51.0697575,51.668196],[51.0776501,51.6685657],[51.0860103,51.6671137],[51.0947381,51.6685934],[51.0957065,51.6735111],[51.107465,51.6731537],[51.1126463,51.6759421],[51.1184956,51.6753471],[51.1240118,51.6766063],[51.1289145,51.6733888],[51.1373323,51.6754371],[51.1486628,51.6724556],[51.1542041,51.6762431],[51.1613234,51.675896],[51.1709143,51.6772125],[51.1679462,51.6740226],[51.1749857,51.6739738],[51.1754764,51.6697392],[51.1817295,51.6689302],[51.1882506,51.6682121],[51.1943538,51.6674268],[51.1989385,51.6671488],[51.244982,51.6850754],[51.2523821,51.6842026],[51.2538514,51.6868028],[51.2651425,51.6839439],[51.303713,51.6410569],[51.3803033,51.5759769],[51.2543026,51.5631598],[51.2459589,51.5355129],[51.2477519,51.5259565],[51.2812414,51.5312159],[51.3429858,51.4870118],[51.4845032,51.4865313],[51.4907393,51.4852965],[51.4939633,51.4866944],[51.5279009,51.4979359],[51.6013087,51.550241],[51.6429355,51.5013659],[51.8135514,51.4970155],[51.7704749,51.5831966],[51.7945679,51.5891352],[51.7970746,51.5916811],[51.7969986,51.5925579],[51.7939882,51.5953693],[51.7984139,51.5971102],[51.7943161,51.5981781],[51.7877915,51.5987716],[51.7859769,51.6019944],[51.7856628,51.604204],[51.7937629,51.6062689],[51.7957352,51.6108694],[51.8056641,51.6180266],[51.8163586,51.624894],[51.8237531,51.6376396],[51.8373403,51.6432146],[51.8556737,51.6484856],[51.8622738,51.6581413],[51.8625182,51.666304],[51.9645756,51.6840078],[52.1493939,51.6817382],[52.1815751,51.733373],[52.3353647,51.7433187],[52.3336668,51.7514662],[52.3258368,51.7567682],[52.3210656,51.7593691],[52.3202345,51.7617908],[52.3194947,51.7648693],[52.3675342,51.7584182],[52.4156011,51.6406959],[52.420248,51.6368748],[52.4263595,51.6334877],[52.4304389,51.6300897],[52.4503461,51.6208175],[52.4968149,51.547123],[52.5049284,51.5425405],[52.5009233,51.5390443],[52.5070454,51.5330119],[52.5083184,51.5282246],[52.5033979,51.5186485],[52.5089225,51.512128],[52.5093373,51.5049436],[52.5176334,51.4996814],[52.53175,51.4983659],[52.5343317,51.4966541],[52.5386676,51.495215],[52.547687,51.4928917],[52.5484424,51.489289],[52.5488503,51.4858835],[52.5520984,51.4825436],[52.5525819,51.4781309],[52.5522827,51.4589267],[52.5686145,51.464975],[52.5922998,51.4765811],[52.5833279,51.4603487],[52.6028596,51.4556428],[52.624489,51.4593865],[52.6207454,51.4742815],[52.6371755,51.4624836],[52.6425134,51.4776724],[52.6644861,51.4871868],[52.6734125,51.460563],[52.6914026,51.4611147],[52.6722108,51.4704017],[52.6960718,51.4773517],[52.7219926,51.4930655],[52.7345866,51.4942858],[52.7511012,51.4886923],[52.7350349,51.497176],[52.743107,51.5019355],[52.7594148,51.4985159],[52.7621614,51.5122994],[52.7755737,51.5192718],[52.7794428,51.5002057],[52.785679,51.5131541],[52.7866553,51.5052412],[52.7976243,51.5041092],[52.807307,51.4935578],[52.8141748,51.4972335],[52.8255045,51.4948823],[52.8412973,51.4897521],[52.8359758,51.5050342],[52.8510117,51.4923947],[52.8856825,51.5059625],[52.8970872,51.4946686],[52.8644844,51.4816609],[52.8880066,51.4907779],[52.9025804,51.4766033],[52.9111635,51.4962717],[52.9197358,51.4897788],[52.9310762,51.482804],[52.9420625,51.4649479],[52.9594003,51.4617395],[52.9441225,51.4762825],[52.9773471,51.4700529],[52.9658818,51.4819575],[52.9884338,51.4793517],[53.0095696,51.4790042],[53.038044,51.4881308],[53.0609822,51.4934883],[53.0828476,51.5003814],[53.1080389,51.4896272],[53.1474352,51.4848839],[53.1555663,51.5012676],[53.1435513,51.5233907],[53.1698799,51.5175293],[53.1887399,51.5353695],[53.1778407,51.5162207],[53.2110559,51.5056753],[53.252083,51.5122994],[53.2577478,51.4956305],[53.2790338,51.4822695],[53.2900773,51.5005374],[53.3384616,51.4923429],[53.3469057,51.4896807],[53.3558106,51.4937154],[53.3595443,51.4925264],[53.3665323,51.494046],[53.3697796,51.4885717],[53.3943946,51.490805],[53.402124,51.4879643],[53.4134809,51.4793479],[53.4276119,51.4815723],[53.4349336,51.4680472],[53.4370557,51.4538013],[53.4377403,51.4432414],[53.4530622,51.4385581],[53.4842241,51.4543378],[53.4890628,51.4491997],[53.4814078,51.443934],[53.4902408,51.4360744],[53.5034585,51.4317358],[53.5156148,51.4349961],[53.5182712,51.4299186],[53.5285663,51.4272099],[53.5399765,51.4303806],[53.5608816,51.4294776],[53.5742385,51.4297109],[53.5669005,51.4179774],[53.5831537,51.4127589],[53.5934114,51.4023783],[53.6046718,51.3962515],[53.6181951,51.3947843],[53.6290687,51.3918521],[53.6287844,51.3875472],[53.6222506,51.3872392],[53.6286986,51.3855922],[53.633253,51.3839852],[53.6300075,51.3806773],[53.6252171,51.3817688],[53.6222345,51.3789329],[53.6256972,51.3789881],[53.6296293,51.3775802],[53.6319494,51.375484],[53.6269981,51.3724334],[53.6275399,51.3663148],[53.6202764,51.3641779],[53.6210596,51.36813],[53.6172402,51.3680764],[53.6147618,51.369195],[53.6109316,51.3728453],[53.6069512,51.3697844],[53.6027241,51.3673798],[53.6026275,51.3645866],[53.5983038,51.3627913],[53.5983145,51.3589325],[53.5957825,51.3551672],[53.602134,51.3567082],[53.5995161,51.3522995],[53.6037379,51.3510465],[53.6107385,51.3506445],[53.6139142,51.3554352],[53.616634,51.3536162],[53.6137748,51.348584],[53.6219716,51.3458532],[53.6145835,51.3443334],[53.6150744,51.3419739],[53.6182376,51.3425034],[53.6222827,51.344714],[53.6277652,51.3446402],[53.6209478,51.3408859],[53.625614,51.3415205],[53.6203223,51.338487],[53.6236212,51.3361398],[53.6222185,51.3349287],[53.6205761,51.3327928],[53.6163497,51.3308262],[53.6209845,51.3270519],[53.6176157,51.3239209],[53.6108994,51.3243634],[53.6050308,51.3188318],[53.609097,51.3149559],[53.6018443,51.3122936],[53.5999989,51.303427],[53.6061251,51.3030044],[53.6098266,51.3016293],[53.6070907,51.2912779],[53.6085749,51.2894707],[53.6131632,51.284474],[53.6191338,51.2868931],[53.6254585,51.2827159],[53.6201906,51.2778907],[53.6264026,51.2773336],[53.6296744,51.270753],[53.6332798,51.2743671],[53.6418843,51.2770048],[53.641587,51.2727296],[53.6472916,51.2729844],[53.648386,51.2713802],[53.6550057,51.267789],[53.6507084,51.2661019],[53.6469912,51.2648352],[53.6468625,51.2622841],[53.6546731,51.2605721],[53.6574304,51.2604714],[53.6654878,51.2584706],[53.6633313,51.2552074],[53.6603916,51.2527833],[53.6577094,51.2442511],[53.6564541,51.2384714],[53.6587179,51.2382732],[53.6613572,51.2312902],[53.667773,51.226211],[53.6737275,51.2229119],[53.677901,51.2268695],[53.6868811,51.2298324],[53.6864734,51.2327413],[53.6928034,51.2362816],[53.6971593,51.2267351],[53.6956502,51.2211959],[53.7018371,51.2267553],[53.7087357,51.2251561],[53.7134886,51.2251494],[53.7122869,51.2238392],[53.7200332,51.2170052],[53.7335837,51.212899],[53.7349999,51.2167969],[53.7413514,51.2128586],[53.7410295,51.2051021],[53.7483251,51.2058348],[53.7584544,51.2058457],[53.7596226,51.2080933],[53.7574858,51.212793],[53.763324,51.211669],[53.7683045,51.2149208],[53.7816274,51.2058012],[53.7824106,51.2101971],[53.7858868,51.2137592],[53.8029778,51.2122269],[53.8128269,51.2065339],[53.821764,51.2036165],[53.816936,51.1953945],[53.8306796,51.1975594],[53.8418484,51.1932027],[53.856048,51.1895986],[53.858006,51.1991259],[53.8673937,51.193122],[53.8843989,51.2003024],[53.8990626,51.1801786],[53.9206414,51.1920459],[53.9387405,51.1845484],[53.9694142,51.176767],[53.9753365,51.1648804],[53.9959896,51.1676454],[54.0126085,51.1599351],[54.0261269,51.1631647],[54.0389066,51.1527546],[54.0553737,51.1497873],[54.038583,51.1450357],[54.0493226,51.1319088],[54.0634525,51.125472],[54.0947592,51.117135],[54.1243815,51.1129256],[54.1447019,51.0988801],[54.151901,51.0731897],[54.1300105,51.0625678],[54.1367752,51.0535374],[54.1504961,51.0549297],[54.1443586,51.0633599],[54.1617027,51.0645317],[54.1684127,51.0469252],[54.1933787,51.033116],[54.1812873,51.0234465],[54.1722429,51.0311998],[54.1726828,51.0196739],[54.1591354,51.0085846],[54.1766846,51.0100826],[54.179345,50.9997911],[54.1769421,50.9921298],[54.1917694,50.9947431],[54.2039359,50.9847752],[54.1913617,50.9704408],[54.2149007,50.9631638],[54.2363584,50.9541961],[54.2463309,50.9534543],[54.2597473,50.9506004],[54.2781447,50.9529624],[54.2875779,50.9471531],[54.2773068,50.9498882],[54.277761,50.9443276],[54.2862422,50.9303084],[54.293279,50.8985054],[54.3362518,50.902536],[54.3564355,50.8865142],[54.3861831,50.8837815],[54.4093019,50.879515],[54.4247299,50.8778972],[54.4400792,50.8777883],[54.4416305,50.8821145],[54.5280111,50.8288051],[54.5175713,50.8195836],[54.5153902,50.8072966],[54.4994963,50.796812],[54.487976,50.7917678],[54.4777868,50.7821932],[54.4724213,50.7737444],[54.4677708,50.7660408],[54.4646092,50.7486836],[54.4637869,50.7368627],[54.4624301,50.7278355],[54.4536442,50.7130368],[54.4486874,50.5847592],[54.5301246,50.4878219],[54.4331213,50.1850185],[54.5239448,49.8904874],[54.3645572,49.673877],[54.338808,49.6740992],[54.3215132,49.6726828],[54.3107843,49.6718357],[54.2674827,49.5881802],[54.0449452,49.6051689],[54.0368128,49.6037365],[54.0295493,49.5977287],[54.0095615,49.5954826],[53.9977813,49.5901206],[53.9734053,49.5881245],[53.9603805,49.5940778],[53.9544582,49.586483],[53.9342236,49.5945785],[53.9219713,49.5973046],[53.9118004,49.5937857],[53.9134741,49.5880827],[53.8954496,49.5890426],[53.8893127,49.5989179],[53.8793778,49.5936188],[53.8656449,49.5935076],[53.853414,49.5991682],[53.8379438,49.5948155],[53.8206911,49.5990569],[53.8047274,49.5928265],[53.7945564,49.5846612],[53.782583,49.5785536],[53.7607821,49.5725566],[53.7322863,49.5749639],[53.7432941,49.567213],[53.7338956,49.5488537],[53.7304624,49.5406531],[53.7194331,49.5296797],[53.732694,49.522841],[53.7203987,49.518481],[53.7077752,49.516057],[53.6929544,49.5126995],[53.6909524,49.5051617],[53.6778911,49.509495],[53.6763676,49.5190939],[53.6565192,49.5272285],[53.6344822,49.5233285],[53.6292251,49.5195954],[53.6876105,49.4675664],[53.6215208,49.2548094],[53.4221388,49.0614593],[52.9363532,49.0300646],[52.7116951,48.951882],[52.6535732,48.7503362],[52.5402492,48.5638291],[52.2403176,48.5377094],[51.8464688,48.5708485],[51.8073125,48.6333625],[51.8110779,48.6700392],[51.3696351,48.7219833],[50.9910998,48.6119521],[50.2259063,48.2808157],[49.4249151,47.9875091],[48.5507938,48.113264],[47.9686109,48.185592],[47.2014893,48.2517695],[46.6776144,48.3905115],[46.4932179,48.432558]]]}}]}